<Anims>
 <anim name="idle" root="miningmachine" numframes="1000" framerate="40">
  <frame idx="0" w="999" h="940" x="-319.388611" y="-265.500000">
   <element name="symbol0" layername="timeline_0" frame="0" z_index="3" m_a="1.000000" m_b="0.000000" m_c="0.000000" m_d="1.000000" m_tx="-304.000000" m_ty="-487.000000"/>
   <element name="swap_storage" layername="timeline_1" frame="0" z_index="2" m_a="1.000000" m_b="0.000000" m_c="0.000000" m_d="1.000000" m_tx="-299.388611" m_ty="-200.717697"/>
  </frame>
  <frame idx="25" w="999" h="940" x="-319.388611" y="-265.500000">
   <element name="symbol0" layername="timeline_0" frame="0" z_index="3" m_a="1.000000" m_b="0.000000" m_c="0.000000" m_d="1.000000" m_tx="-304.000000" m_ty="-487.000000"/>
   <element name="swap_storage" layername="timeline_1" frame="0" z_index="2" m_a="1.000000" m_b="0.000000" m_c="0.000000" m_d="1.000000" m_tx="-299.388611" m_ty="-200.717697"/>
  </frame>
  <frame idx="50" w="999" h="940" x="-319.388611" y="-265.500000">
   <element name="symbol0" layername="timeline_0" frame="0" z_index="3" m_a="1.000000" m_b="0.000000" m_c="0.000000" m_d="1.000000" m_tx="-304.000000" m_ty="-487.000000"/>
   <element name="swap_storage" layername="timeline_1" frame="0" z_index="2" m_a="1.000000" m_b="0.000000" m_c="0.000000" m_d="1.000000" m_tx="-299.388611" m_ty="-200.717697"/>
  </frame>
  <frame idx="75" w="999" h="940" x="-319.388611" y="-265.500000">
   <element name="symbol0" layername="timeline_0" frame="0" z_index="3" m_a="1.000000" m_b="0.000000" m_c="0.000000" m_d="1.000000" m_tx="-304.000000" m_ty="-487.000000"/>
   <element name="swap_storage" layername="timeline_1" frame="0" z_index="2" m_a="1.000000" m_b="0.000000" m_c="0.000000" m_d="1.000000" m_tx="-299.388611" m_ty="-200.717697"/>
  </frame>
  <frame idx="100" w="999" h="940" x="-319.388611" y="-265.500000">
   <element name="symbol0" layername="timeline_0" frame="0" z_index="3" m_a="1.000000" m_b="0.000000" m_c="0.000000" m_d="1.000000" m_tx="-304.000000" m_ty="-487.000000"/>
   <element name="swap_storage" layername="timeline_1" frame="0" z_index="2" m_a="1.000000" m_b="0.000000" m_c="0.000000" m_d="1.000000" m_tx="-299.388611" m_ty="-200.717697"/>
  </frame>
  <frame idx="125" w="999" h="940" x="-319.388611" y="-265.500000">
   <element name="symbol0" layername="timeline_0" frame="0" z_index="3" m_a="1.000000" m_b="0.000000" m_c="0.000000" m_d="1.000000" m_tx="-304.000000" m_ty="-487.000000"/>
   <element name="swap_storage" layername="timeline_1" frame="0" z_index="2" m_a="1.000000" m_b="0.000000" m_c="0.000000" m_d="1.000000" m_tx="-299.388611" m_ty="-200.717697"/>
  </frame>
  <frame idx="150" w="999" h="940" x="-319.388611" y="-265.500000">
   <element name="symbol0" layername="timeline_0" frame="0" z_index="3" m_a="1.000000" m_b="0.000000" m_c="0.000000" m_d="1.000000" m_tx="-304.000000" m_ty="-487.000000"/>
   <element name="swap_storage" layername="timeline_1" frame="0" z_index="2" m_a="1.000000" m_b="0.000000" m_c="0.000000" m_d="1.000000" m_tx="-299.388611" m_ty="-200.717697"/>
  </frame>
  <frame idx="175" w="999" h="940" x="-319.388611" y="-265.500000">
   <element name="symbol0" layername="timeline_0" frame="0" z_index="3" m_a="1.000000" m_b="0.000000" m_c="0.000000" m_d="1.000000" m_tx="-304.000000" m_ty="-487.000000"/>
   <element name="swap_storage" layername="timeline_1" frame="0" z_index="2" m_a="1.000000" m_b="0.000000" m_c="0.000000" m_d="1.000000" m_tx="-299.388611" m_ty="-200.717697"/>
  </frame>
  <frame idx="200" w="999" h="940" x="-319.388611" y="-265.500000">
   <element name="symbol0" layername="timeline_0" frame="0" z_index="3" m_a="1.000000" m_b="0.000000" m_c="0.000000" m_d="1.000000" m_tx="-304.000000" m_ty="-487.000000"/>
   <element name="swap_storage" layername="timeline_1" frame="0" z_index="2" m_a="1.000000" m_b="0.000000" m_c="0.000000" m_d="1.000000" m_tx="-299.388611" m_ty="-200.717697"/>
  </frame>
  <frame idx="225" w="999" h="940" x="-319.388611" y="-265.500000">
   <element name="symbol0" layername="timeline_0" frame="0" z_index="3" m_a="1.000000" m_b="0.000000" m_c="0.000000" m_d="1.000000" m_tx="-304.000000" m_ty="-487.000000"/>
   <element name="swap_storage" layername="timeline_1" frame="0" z_index="2" m_a="1.000000" m_b="0.000000" m_c="0.000000" m_d="1.000000" m_tx="-299.388611" m_ty="-200.717697"/>
  </frame>
  <frame idx="250" w="999" h="940" x="-319.388611" y="-265.500000">
   <element name="symbol0" layername="timeline_0" frame="0" z_index="3" m_a="1.000000" m_b="0.000000" m_c="0.000000" m_d="1.000000" m_tx="-304.000000" m_ty="-487.000000"/>
   <element name="swap_storage" layername="timeline_1" frame="0" z_index="2" m_a="1.000000" m_b="0.000000" m_c="0.000000" m_d="1.000000" m_tx="-299.388611" m_ty="-200.717697"/>
  </frame>
  <frame idx="275" w="999" h="940" x="-319.388611" y="-265.500000">
   <element name="symbol0" layername="timeline_0" frame="0" z_index="3" m_a="1.000000" m_b="0.000000" m_c="0.000000" m_d="1.000000" m_tx="-304.000000" m_ty="-487.000000"/>
   <element name="swap_storage" layername="timeline_1" frame="0" z_index="2" m_a="1.000000" m_b="0.000000" m_c="0.000000" m_d="1.000000" m_tx="-299.388611" m_ty="-200.717697"/>
  </frame>
  <frame idx="300" w="999" h="940" x="-319.388611" y="-265.500000">
   <element name="symbol0" layername="timeline_0" frame="0" z_index="3" m_a="1.000000" m_b="0.000000" m_c="0.000000" m_d="1.000000" m_tx="-304.000000" m_ty="-487.000000"/>
   <element name="swap_storage" layername="timeline_1" frame="0" z_index="2" m_a="1.000000" m_b="0.000000" m_c="0.000000" m_d="1.000000" m_tx="-299.388611" m_ty="-200.717697"/>
  </frame>
  <frame idx="325" w="999" h="940" x="-319.388611" y="-265.500000">
   <element name="symbol0" layername="timeline_0" frame="0" z_index="3" m_a="1.000000" m_b="0.000000" m_c="0.000000" m_d="1.000000" m_tx="-304.000000" m_ty="-487.000000"/>
   <element name="swap_storage" layername="timeline_1" frame="0" z_index="2" m_a="1.000000" m_b="0.000000" m_c="0.000000" m_d="1.000000" m_tx="-299.388611" m_ty="-200.717697"/>
  </frame>
  <frame idx="350" w="999" h="940" x="-319.388611" y="-265.500000">
   <element name="symbol0" layername="timeline_0" frame="0" z_index="3" m_a="1.000000" m_b="0.000000" m_c="0.000000" m_d="1.000000" m_tx="-304.000000" m_ty="-487.000000"/>
   <element name="swap_storage" layername="timeline_1" frame="0" z_index="2" m_a="1.000000" m_b="0.000000" m_c="0.000000" m_d="1.000000" m_tx="-299.388611" m_ty="-200.717697"/>
  </frame>
  <frame idx="375" w="999" h="940" x="-319.388611" y="-265.500000">
   <element name="symbol0" layername="timeline_0" frame="0" z_index="3" m_a="1.000000" m_b="0.000000" m_c="0.000000" m_d="1.000000" m_tx="-304.000000" m_ty="-487.000000"/>
   <element name="swap_storage" layername="timeline_1" frame="0" z_index="2" m_a="1.000000" m_b="0.000000" m_c="0.000000" m_d="1.000000" m_tx="-299.388611" m_ty="-200.717697"/>
  </frame>
  <frame idx="400" w="999" h="940" x="-319.388611" y="-265.500000">
   <element name="symbol0" layername="timeline_0" frame="0" z_index="3" m_a="1.000000" m_b="0.000000" m_c="0.000000" m_d="1.000000" m_tx="-304.000000" m_ty="-487.000000"/>
   <element name="swap_storage" layername="timeline_1" frame="0" z_index="2" m_a="1.000000" m_b="0.000000" m_c="0.000000" m_d="1.000000" m_tx="-299.388611" m_ty="-200.717697"/>
  </frame>
  <frame idx="425" w="999" h="940" x="-319.388611" y="-265.500000">
   <element name="symbol0" layername="timeline_0" frame="0" z_index="3" m_a="1.000000" m_b="0.000000" m_c="0.000000" m_d="1.000000" m_tx="-304.000000" m_ty="-487.000000"/>
   <element name="swap_storage" layername="timeline_1" frame="0" z_index="2" m_a="1.000000" m_b="0.000000" m_c="0.000000" m_d="1.000000" m_tx="-299.388611" m_ty="-200.717697"/>
  </frame>
  <frame idx="450" w="999" h="940" x="-319.388611" y="-265.500000">
   <element name="symbol0" layername="timeline_0" frame="0" z_index="3" m_a="1.000000" m_b="0.000000" m_c="0.000000" m_d="1.000000" m_tx="-304.000000" m_ty="-487.000000"/>
   <element name="swap_storage" layername="timeline_1" frame="0" z_index="2" m_a="1.000000" m_b="0.000000" m_c="0.000000" m_d="1.000000" m_tx="-299.388611" m_ty="-200.717697"/>
  </frame>
  <frame idx="475" w="999" h="940" x="-319.388611" y="-265.500000">
   <element name="symbol0" layername="timeline_0" frame="0" z_index="3" m_a="1.000000" m_b="0.000000" m_c="0.000000" m_d="1.000000" m_tx="-304.000000" m_ty="-487.000000"/>
   <element name="swap_storage" layername="timeline_1" frame="0" z_index="2" m_a="1.000000" m_b="0.000000" m_c="0.000000" m_d="1.000000" m_tx="-299.388611" m_ty="-200.717697"/>
  </frame>
  <frame idx="500" w="999" h="940" x="-319.388611" y="-265.500000">
   <element name="symbol0" layername="timeline_0" frame="0" z_index="3" m_a="1.000000" m_b="0.000000" m_c="0.000000" m_d="1.000000" m_tx="-304.000000" m_ty="-487.000000"/>
   <element name="swap_storage" layername="timeline_1" frame="0" z_index="2" m_a="1.000000" m_b="0.000000" m_c="0.000000" m_d="1.000000" m_tx="-299.388611" m_ty="-200.717697"/>
  </frame>
  <frame idx="525" w="999" h="940" x="-319.388611" y="-265.500000">
   <element name="symbol0" layername="timeline_0" frame="0" z_index="3" m_a="1.000000" m_b="0.000000" m_c="0.000000" m_d="1.000000" m_tx="-304.000000" m_ty="-487.000000"/>
   <element name="swap_storage" layername="timeline_1" frame="0" z_index="2" m_a="1.000000" m_b="0.000000" m_c="0.000000" m_d="1.000000" m_tx="-299.388611" m_ty="-200.717697"/>
  </frame>
  <frame idx="550" w="999" h="940" x="-319.388611" y="-265.500000">
   <element name="symbol0" layername="timeline_0" frame="0" z_index="3" m_a="1.000000" m_b="0.000000" m_c="0.000000" m_d="1.000000" m_tx="-304.000000" m_ty="-487.000000"/>
   <element name="swap_storage" layername="timeline_1" frame="0" z_index="2" m_a="1.000000" m_b="0.000000" m_c="0.000000" m_d="1.000000" m_tx="-299.388611" m_ty="-200.717697"/>
  </frame>
  <frame idx="575" w="999" h="940" x="-319.388611" y="-265.500000">
   <element name="symbol0" layername="timeline_0" frame="0" z_index="3" m_a="1.000000" m_b="0.000000" m_c="0.000000" m_d="1.000000" m_tx="-304.000000" m_ty="-487.000000"/>
   <element name="swap_storage" layername="timeline_1" frame="0" z_index="2" m_a="1.000000" m_b="0.000000" m_c="0.000000" m_d="1.000000" m_tx="-299.388611" m_ty="-200.717697"/>
  </frame>
  <frame idx="600" w="999" h="940" x="-319.388611" y="-265.500000">
   <element name="symbol0" layername="timeline_0" frame="0" z_index="3" m_a="1.000000" m_b="0.000000" m_c="0.000000" m_d="1.000000" m_tx="-304.000000" m_ty="-487.000000"/>
   <element name="swap_storage" layername="timeline_1" frame="0" z_index="2" m_a="1.000000" m_b="0.000000" m_c="0.000000" m_d="1.000000" m_tx="-299.388611" m_ty="-200.717697"/>
  </frame>
  <frame idx="625" w="999" h="940" x="-319.388611" y="-265.500000">
   <element name="symbol0" layername="timeline_0" frame="0" z_index="3" m_a="1.000000" m_b="0.000000" m_c="0.000000" m_d="1.000000" m_tx="-304.000000" m_ty="-487.000000"/>
   <element name="swap_storage" layername="timeline_1" frame="0" z_index="2" m_a="1.000000" m_b="0.000000" m_c="0.000000" m_d="1.000000" m_tx="-299.388611" m_ty="-200.717697"/>
  </frame>
  <frame idx="650" w="999" h="940" x="-319.388611" y="-265.500000">
   <element name="symbol0" layername="timeline_0" frame="0" z_index="3" m_a="1.000000" m_b="0.000000" m_c="0.000000" m_d="1.000000" m_tx="-304.000000" m_ty="-487.000000"/>
   <element name="swap_storage" layername="timeline_1" frame="0" z_index="2" m_a="1.000000" m_b="0.000000" m_c="0.000000" m_d="1.000000" m_tx="-299.388611" m_ty="-200.717697"/>
  </frame>
  <frame idx="675" w="999" h="940" x="-319.388611" y="-265.500000">
   <element name="symbol0" layername="timeline_0" frame="0" z_index="3" m_a="1.000000" m_b="0.000000" m_c="0.000000" m_d="1.000000" m_tx="-304.000000" m_ty="-487.000000"/>
   <element name="swap_storage" layername="timeline_1" frame="0" z_index="2" m_a="1.000000" m_b="0.000000" m_c="0.000000" m_d="1.000000" m_tx="-299.388611" m_ty="-200.717697"/>
  </frame>
  <frame idx="700" w="999" h="940" x="-319.388611" y="-265.500000">
   <element name="symbol0" layername="timeline_0" frame="0" z_index="3" m_a="1.000000" m_b="0.000000" m_c="0.000000" m_d="1.000000" m_tx="-304.000000" m_ty="-487.000000"/>
   <element name="swap_storage" layername="timeline_1" frame="0" z_index="2" m_a="1.000000" m_b="0.000000" m_c="0.000000" m_d="1.000000" m_tx="-299.388611" m_ty="-200.717697"/>
  </frame>
  <frame idx="725" w="999" h="940" x="-319.388611" y="-265.500000">
   <element name="symbol0" layername="timeline_0" frame="0" z_index="3" m_a="1.000000" m_b="0.000000" m_c="0.000000" m_d="1.000000" m_tx="-304.000000" m_ty="-487.000000"/>
   <element name="swap_storage" layername="timeline_1" frame="0" z_index="2" m_a="1.000000" m_b="0.000000" m_c="0.000000" m_d="1.000000" m_tx="-299.388611" m_ty="-200.717697"/>
  </frame>
  <frame idx="750" w="999" h="940" x="-319.388611" y="-265.500000">
   <element name="symbol0" layername="timeline_0" frame="0" z_index="3" m_a="1.000000" m_b="0.000000" m_c="0.000000" m_d="1.000000" m_tx="-304.000000" m_ty="-487.000000"/>
   <element name="swap_storage" layername="timeline_1" frame="0" z_index="2" m_a="1.000000" m_b="0.000000" m_c="0.000000" m_d="1.000000" m_tx="-299.388611" m_ty="-200.717697"/>
  </frame>
  <frame idx="775" w="999" h="940" x="-319.388611" y="-265.500000">
   <element name="symbol0" layername="timeline_0" frame="0" z_index="3" m_a="1.000000" m_b="0.000000" m_c="0.000000" m_d="1.000000" m_tx="-304.000000" m_ty="-487.000000"/>
   <element name="swap_storage" layername="timeline_1" frame="0" z_index="2" m_a="1.000000" m_b="0.000000" m_c="0.000000" m_d="1.000000" m_tx="-299.388611" m_ty="-200.717697"/>
  </frame>
  <frame idx="800" w="999" h="940" x="-319.388611" y="-265.500000">
   <element name="symbol0" layername="timeline_0" frame="0" z_index="3" m_a="1.000000" m_b="0.000000" m_c="0.000000" m_d="1.000000" m_tx="-304.000000" m_ty="-487.000000"/>
   <element name="swap_storage" layername="timeline_1" frame="0" z_index="2" m_a="1.000000" m_b="0.000000" m_c="0.000000" m_d="1.000000" m_tx="-299.388611" m_ty="-200.717697"/>
  </frame>
  <frame idx="825" w="999" h="940" x="-319.388611" y="-265.500000">
   <element name="symbol0" layername="timeline_0" frame="0" z_index="3" m_a="1.000000" m_b="0.000000" m_c="0.000000" m_d="1.000000" m_tx="-304.000000" m_ty="-487.000000"/>
   <element name="swap_storage" layername="timeline_1" frame="0" z_index="2" m_a="1.000000" m_b="0.000000" m_c="0.000000" m_d="1.000000" m_tx="-299.388611" m_ty="-200.717697"/>
  </frame>
  <frame idx="850" w="999" h="940" x="-319.388611" y="-265.500000">
   <element name="symbol0" layername="timeline_0" frame="0" z_index="3" m_a="1.000000" m_b="0.000000" m_c="0.000000" m_d="1.000000" m_tx="-304.000000" m_ty="-487.000000"/>
   <element name="swap_storage" layername="timeline_1" frame="0" z_index="2" m_a="1.000000" m_b="0.000000" m_c="0.000000" m_d="1.000000" m_tx="-299.388611" m_ty="-200.717697"/>
  </frame>
  <frame idx="875" w="999" h="940" x="-319.388611" y="-265.500000">
   <element name="symbol0" layername="timeline_0" frame="0" z_index="3" m_a="1.000000" m_b="0.000000" m_c="0.000000" m_d="1.000000" m_tx="-304.000000" m_ty="-487.000000"/>
   <element name="swap_storage" layername="timeline_1" frame="0" z_index="2" m_a="1.000000" m_b="0.000000" m_c="0.000000" m_d="1.000000" m_tx="-299.388611" m_ty="-200.717697"/>
  </frame>
  <frame idx="900" w="999" h="940" x="-319.388611" y="-265.500000">
   <element name="symbol0" layername="timeline_0" frame="0" z_index="3" m_a="1.000000" m_b="0.000000" m_c="0.000000" m_d="1.000000" m_tx="-304.000000" m_ty="-487.000000"/>
   <element name="swap_storage" layername="timeline_1" frame="0" z_index="2" m_a="1.000000" m_b="0.000000" m_c="0.000000" m_d="1.000000" m_tx="-299.388611" m_ty="-200.717697"/>
  </frame>
  <frame idx="925" w="999" h="940" x="-319.388611" y="-265.500000">
   <element name="symbol0" layername="timeline_0" frame="0" z_index="3" m_a="1.000000" m_b="0.000000" m_c="0.000000" m_d="1.000000" m_tx="-304.000000" m_ty="-487.000000"/>
   <element name="swap_storage" layername="timeline_1" frame="0" z_index="2" m_a="1.000000" m_b="0.000000" m_c="0.000000" m_d="1.000000" m_tx="-299.388611" m_ty="-200.717697"/>
  </frame>
  <frame idx="950" w="999" h="940" x="-319.388611" y="-265.500000">
   <element name="symbol0" layername="timeline_0" frame="0" z_index="3" m_a="1.000000" m_b="0.000000" m_c="0.000000" m_d="1.000000" m_tx="-304.000000" m_ty="-487.000000"/>
   <element name="swap_storage" layername="timeline_1" frame="0" z_index="2" m_a="1.000000" m_b="0.000000" m_c="0.000000" m_d="1.000000" m_tx="-299.388611" m_ty="-200.717697"/>
  </frame>
  <frame idx="975" w="999" h="940" x="-319.388611" y="-265.500000">
   <element name="symbol0" layername="timeline_0" frame="0" z_index="3" m_a="1.000000" m_b="0.000000" m_c="0.000000" m_d="1.000000" m_tx="-304.000000" m_ty="-487.000000"/>
   <element name="swap_storage" layername="timeline_1" frame="0" z_index="2" m_a="1.000000" m_b="0.000000" m_c="0.000000" m_d="1.000000" m_tx="-299.388611" m_ty="-200.717697"/>
  </frame>
 </anim>
 <anim name="idle" root="storage" numframes="1000" framerate="40">
  <frame idx="0" w="153" h="138" x="-12.975410" y="-10.918034">
   <element name="swap_storage" layername="timeline_0" frame="0" z_index="3" m_a="1.000000" m_b="0.000000" m_c="0.000000" m_d="1.000000" m_tx="-63.475410" m_ty="-56.918034"/>
  </frame>
  <frame idx="25" w="153" h="138" x="-12.975410" y="-10.918034">
   <element name="swap_storage" layername="timeline_0" frame="0" z_index="3" m_a="1.000000" m_b="0.000000" m_c="0.000000" m_d="1.000000" m_tx="-63.475410" m_ty="-56.918034"/>
  </frame>
  <frame idx="50" w="153" h="138" x="-12.975410" y="-10.918034">
   <element name="swap_storage" layername="timeline_0" frame="0" z_index="3" m_a="1.000000" m_b="0.000000" m_c="0.000000" m_d="1.000000" m_tx="-63.475410" m_ty="-56.918034"/>
  </frame>
  <frame idx="75" w="153" h="138" x="-12.975410" y="-10.918034">
   <element name="swap_storage" layername="timeline_0" frame="0" z_index="3" m_a="1.000000" m_b="0.000000" m_c="0.000000" m_d="1.000000" m_tx="-63.475410" m_ty="-56.918034"/>
  </frame>
  <frame idx="100" w="153" h="138" x="-12.975410" y="-10.918034">
   <element name="swap_storage" layername="timeline_0" frame="0" z_index="3" m_a="1.000000" m_b="0.000000" m_c="0.000000" m_d="1.000000" m_tx="-63.475410" m_ty="-56.918034"/>
  </frame>
  <frame idx="125" w="153" h="138" x="-12.975410" y="-10.918034">
   <element name="swap_storage" layername="timeline_0" frame="0" z_index="3" m_a="1.000000" m_b="0.000000" m_c="0.000000" m_d="1.000000" m_tx="-63.475410" m_ty="-56.918034"/>
  </frame>
  <frame idx="150" w="153" h="138" x="-12.975410" y="-10.918034">
   <element name="swap_storage" layername="timeline_0" frame="0" z_index="3" m_a="1.000000" m_b="0.000000" m_c="0.000000" m_d="1.000000" m_tx="-63.475410" m_ty="-56.918034"/>
  </frame>
  <frame idx="175" w="153" h="138" x="-12.975410" y="-10.918034">
   <element name="swap_storage" layername="timeline_0" frame="0" z_index="3" m_a="1.000000" m_b="0.000000" m_c="0.000000" m_d="1.000000" m_tx="-63.475410" m_ty="-56.918034"/>
  </frame>
  <frame idx="200" w="153" h="138" x="-12.975410" y="-10.918034">
   <element name="swap_storage" layername="timeline_0" frame="0" z_index="3" m_a="1.000000" m_b="0.000000" m_c="0.000000" m_d="1.000000" m_tx="-63.475410" m_ty="-56.918034"/>
  </frame>
  <frame idx="225" w="153" h="138" x="-12.975410" y="-10.918034">
   <element name="swap_storage" layername="timeline_0" frame="0" z_index="3" m_a="1.000000" m_b="0.000000" m_c="0.000000" m_d="1.000000" m_tx="-63.475410" m_ty="-56.918034"/>
  </frame>
  <frame idx="250" w="153" h="138" x="-12.975410" y="-10.918034">
   <element name="swap_storage" layername="timeline_0" frame="0" z_index="3" m_a="1.000000" m_b="0.000000" m_c="0.000000" m_d="1.000000" m_tx="-63.475410" m_ty="-56.918034"/>
  </frame>
  <frame idx="275" w="153" h="138" x="-12.975410" y="-10.918034">
   <element name="swap_storage" layername="timeline_0" frame="0" z_index="3" m_a="1.000000" m_b="0.000000" m_c="0.000000" m_d="1.000000" m_tx="-63.475410" m_ty="-56.918034"/>
  </frame>
  <frame idx="300" w="153" h="138" x="-12.975410" y="-10.918034">
   <element name="swap_storage" layername="timeline_0" frame="0" z_index="3" m_a="1.000000" m_b="0.000000" m_c="0.000000" m_d="1.000000" m_tx="-63.475410" m_ty="-56.918034"/>
  </frame>
  <frame idx="325" w="153" h="138" x="-12.975410" y="-10.918034">
   <element name="swap_storage" layername="timeline_0" frame="0" z_index="3" m_a="1.000000" m_b="0.000000" m_c="0.000000" m_d="1.000000" m_tx="-63.475410" m_ty="-56.918034"/>
  </frame>
  <frame idx="350" w="153" h="138" x="-12.975410" y="-10.918034">
   <element name="swap_storage" layername="timeline_0" frame="0" z_index="3" m_a="1.000000" m_b="0.000000" m_c="0.000000" m_d="1.000000" m_tx="-63.475410" m_ty="-56.918034"/>
  </frame>
  <frame idx="375" w="153" h="138" x="-12.975410" y="-10.918034">
   <element name="swap_storage" layername="timeline_0" frame="0" z_index="3" m_a="1.000000" m_b="0.000000" m_c="0.000000" m_d="1.000000" m_tx="-63.475410" m_ty="-56.918034"/>
  </frame>
  <frame idx="400" w="153" h="138" x="-12.975410" y="-10.918034">
   <element name="swap_storage" layername="timeline_0" frame="0" z_index="3" m_a="1.000000" m_b="0.000000" m_c="0.000000" m_d="1.000000" m_tx="-63.475410" m_ty="-56.918034"/>
  </frame>
  <frame idx="425" w="153" h="138" x="-12.975410" y="-10.918034">
   <element name="swap_storage" layername="timeline_0" frame="0" z_index="3" m_a="1.000000" m_b="0.000000" m_c="0.000000" m_d="1.000000" m_tx="-63.475410" m_ty="-56.918034"/>
  </frame>
  <frame idx="450" w="153" h="138" x="-12.975410" y="-10.918034">
   <element name="swap_storage" layername="timeline_0" frame="0" z_index="3" m_a="1.000000" m_b="0.000000" m_c="0.000000" m_d="1.000000" m_tx="-63.475410" m_ty="-56.918034"/>
  </frame>
  <frame idx="475" w="153" h="138" x="-12.975410" y="-10.918034">
   <element name="swap_storage" layername="timeline_0" frame="0" z_index="3" m_a="1.000000" m_b="0.000000" m_c="0.000000" m_d="1.000000" m_tx="-63.475410" m_ty="-56.918034"/>
  </frame>
  <frame idx="500" w="153" h="138" x="-12.975410" y="-10.918034">
   <element name="swap_storage" layername="timeline_0" frame="0" z_index="3" m_a="1.000000" m_b="0.000000" m_c="0.000000" m_d="1.000000" m_tx="-63.475410" m_ty="-56.918034"/>
  </frame>
  <frame idx="525" w="153" h="138" x="-12.975410" y="-10.918034">
   <element name="swap_storage" layername="timeline_0" frame="0" z_index="3" m_a="1.000000" m_b="0.000000" m_c="0.000000" m_d="1.000000" m_tx="-63.475410" m_ty="-56.918034"/>
  </frame>
  <frame idx="550" w="153" h="138" x="-12.975410" y="-10.918034">
   <element name="swap_storage" layername="timeline_0" frame="0" z_index="3" m_a="1.000000" m_b="0.000000" m_c="0.000000" m_d="1.000000" m_tx="-63.475410" m_ty="-56.918034"/>
  </frame>
  <frame idx="575" w="153" h="138" x="-12.975410" y="-10.918034">
   <element name="swap_storage" layername="timeline_0" frame="0" z_index="3" m_a="1.000000" m_b="0.000000" m_c="0.000000" m_d="1.000000" m_tx="-63.475410" m_ty="-56.918034"/>
  </frame>
  <frame idx="600" w="153" h="138" x="-12.975410" y="-10.918034">
   <element name="swap_storage" layername="timeline_0" frame="0" z_index="3" m_a="1.000000" m_b="0.000000" m_c="0.000000" m_d="1.000000" m_tx="-63.475410" m_ty="-56.918034"/>
  </frame>
  <frame idx="625" w="153" h="138" x="-12.975410" y="-10.918034">
   <element name="swap_storage" layername="timeline_0" frame="0" z_index="3" m_a="1.000000" m_b="0.000000" m_c="0.000000" m_d="1.000000" m_tx="-63.475410" m_ty="-56.918034"/>
  </frame>
  <frame idx="650" w="153" h="138" x="-12.975410" y="-10.918034">
   <element name="swap_storage" layername="timeline_0" frame="0" z_index="3" m_a="1.000000" m_b="0.000000" m_c="0.000000" m_d="1.000000" m_tx="-63.475410" m_ty="-56.918034"/>
  </frame>
  <frame idx="675" w="153" h="138" x="-12.975410" y="-10.918034">
   <element name="swap_storage" layername="timeline_0" frame="0" z_index="3" m_a="1.000000" m_b="0.000000" m_c="0.000000" m_d="1.000000" m_tx="-63.475410" m_ty="-56.918034"/>
  </frame>
  <frame idx="700" w="153" h="138" x="-12.975410" y="-10.918034">
   <element name="swap_storage" layername="timeline_0" frame="0" z_index="3" m_a="1.000000" m_b="0.000000" m_c="0.000000" m_d="1.000000" m_tx="-63.475410" m_ty="-56.918034"/>
  </frame>
  <frame idx="725" w="153" h="138" x="-12.975410" y="-10.918034">
   <element name="swap_storage" layername="timeline_0" frame="0" z_index="3" m_a="1.000000" m_b="0.000000" m_c="0.000000" m_d="1.000000" m_tx="-63.475410" m_ty="-56.918034"/>
  </frame>
  <frame idx="750" w="153" h="138" x="-12.975410" y="-10.918034">
   <element name="swap_storage" layername="timeline_0" frame="0" z_index="3" m_a="1.000000" m_b="0.000000" m_c="0.000000" m_d="1.000000" m_tx="-63.475410" m_ty="-56.918034"/>
  </frame>
  <frame idx="775" w="153" h="138" x="-12.975410" y="-10.918034">
   <element name="swap_storage" layername="timeline_0" frame="0" z_index="3" m_a="1.000000" m_b="0.000000" m_c="0.000000" m_d="1.000000" m_tx="-63.475410" m_ty="-56.918034"/>
  </frame>
  <frame idx="800" w="153" h="138" x="-12.975410" y="-10.918034">
   <element name="swap_storage" layername="timeline_0" frame="0" z_index="3" m_a="1.000000" m_b="0.000000" m_c="0.000000" m_d="1.000000" m_tx="-63.475410" m_ty="-56.918034"/>
  </frame>
  <frame idx="825" w="153" h="138" x="-12.975410" y="-10.918034">
   <element name="swap_storage" layername="timeline_0" frame="0" z_index="3" m_a="1.000000" m_b="0.000000" m_c="0.000000" m_d="1.000000" m_tx="-63.475410" m_ty="-56.918034"/>
  </frame>
  <frame idx="850" w="153" h="138" x="-12.975410" y="-10.918034">
   <element name="swap_storage" layername="timeline_0" frame="0" z_index="3" m_a="1.000000" m_b="0.000000" m_c="0.000000" m_d="1.000000" m_tx="-63.475410" m_ty="-56.918034"/>
  </frame>
  <frame idx="875" w="153" h="138" x="-12.975410" y="-10.918034">
   <element name="swap_storage" layername="timeline_0" frame="0" z_index="3" m_a="1.000000" m_b="0.000000" m_c="0.000000" m_d="1.000000" m_tx="-63.475410" m_ty="-56.918034"/>
  </frame>
  <frame idx="900" w="153" h="138" x="-12.975410" y="-10.918034">
   <element name="swap_storage" layername="timeline_0" frame="0" z_index="3" m_a="1.000000" m_b="0.000000" m_c="0.000000" m_d="1.000000" m_tx="-63.475410" m_ty="-56.918034"/>
  </frame>
  <frame idx="925" w="153" h="138" x="-12.975410" y="-10.918034">
   <element name="swap_storage" layername="timeline_0" frame="0" z_index="3" m_a="1.000000" m_b="0.000000" m_c="0.000000" m_d="1.000000" m_tx="-63.475410" m_ty="-56.918034"/>
  </frame>
  <frame idx="950" w="153" h="138" x="-12.975410" y="-10.918034">
   <element name="swap_storage" layername="timeline_0" frame="0" z_index="3" m_a="1.000000" m_b="0.000000" m_c="0.000000" m_d="1.000000" m_tx="-63.475410" m_ty="-56.918034"/>
  </frame>
  <frame idx="975" w="153" h="138" x="-12.975410" y="-10.918034">
   <element name="swap_storage" layername="timeline_0" frame="0" z_index="3" m_a="1.000000" m_b="0.000000" m_c="0.000000" m_d="1.000000" m_tx="-63.475410" m_ty="-56.918034"/>
  </frame>
 </anim>
</Anims>
