<Anims>
 <anim name="idle" root="ironwrench" numframes="1000" framerate="40">
  <frame idx="0" w="674" h="287" x="-331.858612" y="-123.178307">
   <element name="swap_ironwrench/swap_ironwrench" layername="timeline_0" frame="0" z_index="4" m_a="-0.839594" m_b="0.543215" m_c="-0.543215" m_d="-0.839594" m_tx="135.335526" m_ty="-69.836777"/>
   <element name="symbol1" layername="timeline_1" frame="0" z_index="3" m_a="1.200000" m_b="0.000000" m_c="0.000000" m_d="1.200000" m_tx="-106.959160" m_ty="-81.923767"/>
  </frame>
  <frame idx="25" w="674" h="287" x="-331.858612" y="-123.178307">
   <element name="swap_ironwrench/swap_ironwrench" layername="timeline_0" frame="0" z_index="4" m_a="-0.839594" m_b="0.543215" m_c="-0.543215" m_d="-0.839594" m_tx="135.335526" m_ty="-69.836777"/>
   <element name="symbol1" layername="timeline_1" frame="0" z_index="3" m_a="1.200000" m_b="0.000000" m_c="0.000000" m_d="1.200000" m_tx="-106.959160" m_ty="-81.923767"/>
  </frame>
  <frame idx="50" w="674" h="287" x="-331.858612" y="-123.178307">
   <element name="swap_ironwrench/swap_ironwrench" layername="timeline_0" frame="0" z_index="4" m_a="-0.839594" m_b="0.543215" m_c="-0.543215" m_d="-0.839594" m_tx="135.335526" m_ty="-69.836777"/>
   <element name="symbol1" layername="timeline_1" frame="0" z_index="3" m_a="1.200000" m_b="0.000000" m_c="0.000000" m_d="1.200000" m_tx="-106.959160" m_ty="-81.923767"/>
  </frame>
  <frame idx="75" w="674" h="287" x="-331.858612" y="-123.178307">
   <element name="swap_ironwrench/swap_ironwrench" layername="timeline_0" frame="0" z_index="4" m_a="-0.839594" m_b="0.543215" m_c="-0.543215" m_d="-0.839594" m_tx="135.335526" m_ty="-69.836777"/>
   <element name="symbol1" layername="timeline_1" frame="0" z_index="3" m_a="1.200000" m_b="0.000000" m_c="0.000000" m_d="1.200000" m_tx="-106.959160" m_ty="-81.923767"/>
  </frame>
  <frame idx="100" w="674" h="287" x="-331.858612" y="-123.178307">
   <element name="swap_ironwrench/swap_ironwrench" layername="timeline_0" frame="0" z_index="4" m_a="-0.839594" m_b="0.543215" m_c="-0.543215" m_d="-0.839594" m_tx="135.335526" m_ty="-69.836777"/>
   <element name="symbol1" layername="timeline_1" frame="0" z_index="3" m_a="1.200000" m_b="0.000000" m_c="0.000000" m_d="1.200000" m_tx="-106.959160" m_ty="-81.923767"/>
  </frame>
  <frame idx="125" w="674" h="287" x="-331.858612" y="-123.178307">
   <element name="swap_ironwrench/swap_ironwrench" layername="timeline_0" frame="0" z_index="4" m_a="-0.839594" m_b="0.543215" m_c="-0.543215" m_d="-0.839594" m_tx="135.335526" m_ty="-69.836777"/>
   <element name="symbol1" layername="timeline_1" frame="0" z_index="3" m_a="1.200000" m_b="0.000000" m_c="0.000000" m_d="1.200000" m_tx="-106.959160" m_ty="-81.923767"/>
  </frame>
  <frame idx="150" w="674" h="287" x="-331.858612" y="-123.178307">
   <element name="swap_ironwrench/swap_ironwrench" layername="timeline_0" frame="0" z_index="4" m_a="-0.839594" m_b="0.543215" m_c="-0.543215" m_d="-0.839594" m_tx="135.335526" m_ty="-69.836777"/>
   <element name="symbol1" layername="timeline_1" frame="0" z_index="3" m_a="1.200000" m_b="0.000000" m_c="0.000000" m_d="1.200000" m_tx="-106.959160" m_ty="-81.923767"/>
  </frame>
  <frame idx="175" w="674" h="287" x="-331.858612" y="-123.178307">
   <element name="swap_ironwrench/swap_ironwrench" layername="timeline_0" frame="0" z_index="4" m_a="-0.839594" m_b="0.543215" m_c="-0.543215" m_d="-0.839594" m_tx="135.335526" m_ty="-69.836777"/>
   <element name="symbol1" layername="timeline_1" frame="0" z_index="3" m_a="1.200000" m_b="0.000000" m_c="0.000000" m_d="1.200000" m_tx="-106.959160" m_ty="-81.923767"/>
  </frame>
  <frame idx="200" w="674" h="287" x="-331.858612" y="-123.178307">
   <element name="swap_ironwrench/swap_ironwrench" layername="timeline_0" frame="0" z_index="4" m_a="-0.839594" m_b="0.543215" m_c="-0.543215" m_d="-0.839594" m_tx="135.335526" m_ty="-69.836777"/>
   <element name="symbol1" layername="timeline_1" frame="0" z_index="3" m_a="1.200000" m_b="0.000000" m_c="0.000000" m_d="1.200000" m_tx="-106.959160" m_ty="-81.923767"/>
  </frame>
  <frame idx="225" w="674" h="287" x="-331.858612" y="-123.178307">
   <element name="swap_ironwrench/swap_ironwrench" layername="timeline_0" frame="0" z_index="4" m_a="-0.839594" m_b="0.543215" m_c="-0.543215" m_d="-0.839594" m_tx="135.335526" m_ty="-69.836777"/>
   <element name="symbol1" layername="timeline_1" frame="0" z_index="3" m_a="1.200000" m_b="0.000000" m_c="0.000000" m_d="1.200000" m_tx="-106.959160" m_ty="-81.923767"/>
  </frame>
  <frame idx="250" w="674" h="287" x="-331.858612" y="-123.178307">
   <element name="swap_ironwrench/swap_ironwrench" layername="timeline_0" frame="0" z_index="4" m_a="-0.839594" m_b="0.543215" m_c="-0.543215" m_d="-0.839594" m_tx="135.335526" m_ty="-69.836777"/>
   <element name="symbol1" layername="timeline_1" frame="0" z_index="3" m_a="1.200000" m_b="0.000000" m_c="0.000000" m_d="1.200000" m_tx="-106.959160" m_ty="-81.923767"/>
  </frame>
  <frame idx="275" w="674" h="287" x="-331.858612" y="-123.178307">
   <element name="swap_ironwrench/swap_ironwrench" layername="timeline_0" frame="0" z_index="4" m_a="-0.839594" m_b="0.543215" m_c="-0.543215" m_d="-0.839594" m_tx="135.335526" m_ty="-69.836777"/>
   <element name="symbol1" layername="timeline_1" frame="0" z_index="3" m_a="1.200000" m_b="0.000000" m_c="0.000000" m_d="1.200000" m_tx="-106.959160" m_ty="-81.923767"/>
  </frame>
  <frame idx="300" w="674" h="287" x="-331.858612" y="-123.178307">
   <element name="swap_ironwrench/swap_ironwrench" layername="timeline_0" frame="0" z_index="4" m_a="-0.839594" m_b="0.543215" m_c="-0.543215" m_d="-0.839594" m_tx="135.335526" m_ty="-69.836777"/>
   <element name="symbol1" layername="timeline_1" frame="0" z_index="3" m_a="1.200000" m_b="0.000000" m_c="0.000000" m_d="1.200000" m_tx="-106.959160" m_ty="-81.923767"/>
  </frame>
  <frame idx="325" w="674" h="287" x="-331.858612" y="-123.178307">
   <element name="swap_ironwrench/swap_ironwrench" layername="timeline_0" frame="0" z_index="4" m_a="-0.839594" m_b="0.543215" m_c="-0.543215" m_d="-0.839594" m_tx="135.335526" m_ty="-69.836777"/>
   <element name="symbol1" layername="timeline_1" frame="0" z_index="3" m_a="1.200000" m_b="0.000000" m_c="0.000000" m_d="1.200000" m_tx="-106.959160" m_ty="-81.923767"/>
  </frame>
  <frame idx="350" w="674" h="287" x="-331.858612" y="-123.178307">
   <element name="swap_ironwrench/swap_ironwrench" layername="timeline_0" frame="0" z_index="4" m_a="-0.839594" m_b="0.543215" m_c="-0.543215" m_d="-0.839594" m_tx="135.335526" m_ty="-69.836777"/>
   <element name="symbol1" layername="timeline_1" frame="0" z_index="3" m_a="1.200000" m_b="0.000000" m_c="0.000000" m_d="1.200000" m_tx="-106.959160" m_ty="-81.923767"/>
  </frame>
  <frame idx="375" w="674" h="287" x="-331.858612" y="-123.178307">
   <element name="swap_ironwrench/swap_ironwrench" layername="timeline_0" frame="0" z_index="4" m_a="-0.839594" m_b="0.543215" m_c="-0.543215" m_d="-0.839594" m_tx="135.335526" m_ty="-69.836777"/>
   <element name="symbol1" layername="timeline_1" frame="0" z_index="3" m_a="1.200000" m_b="0.000000" m_c="0.000000" m_d="1.200000" m_tx="-106.959160" m_ty="-81.923767"/>
  </frame>
  <frame idx="400" w="674" h="287" x="-331.858612" y="-123.178307">
   <element name="swap_ironwrench/swap_ironwrench" layername="timeline_0" frame="0" z_index="4" m_a="-0.839594" m_b="0.543215" m_c="-0.543215" m_d="-0.839594" m_tx="135.335526" m_ty="-69.836777"/>
   <element name="symbol1" layername="timeline_1" frame="0" z_index="3" m_a="1.200000" m_b="0.000000" m_c="0.000000" m_d="1.200000" m_tx="-106.959160" m_ty="-81.923767"/>
  </frame>
  <frame idx="425" w="674" h="287" x="-331.858612" y="-123.178307">
   <element name="swap_ironwrench/swap_ironwrench" layername="timeline_0" frame="0" z_index="4" m_a="-0.839594" m_b="0.543215" m_c="-0.543215" m_d="-0.839594" m_tx="135.335526" m_ty="-69.836777"/>
   <element name="symbol1" layername="timeline_1" frame="0" z_index="3" m_a="1.200000" m_b="0.000000" m_c="0.000000" m_d="1.200000" m_tx="-106.959160" m_ty="-81.923767"/>
  </frame>
  <frame idx="450" w="674" h="287" x="-331.858612" y="-123.178307">
   <element name="swap_ironwrench/swap_ironwrench" layername="timeline_0" frame="0" z_index="4" m_a="-0.839594" m_b="0.543215" m_c="-0.543215" m_d="-0.839594" m_tx="135.335526" m_ty="-69.836777"/>
   <element name="symbol1" layername="timeline_1" frame="0" z_index="3" m_a="1.200000" m_b="0.000000" m_c="0.000000" m_d="1.200000" m_tx="-106.959160" m_ty="-81.923767"/>
  </frame>
  <frame idx="475" w="674" h="287" x="-331.858612" y="-123.178307">
   <element name="swap_ironwrench/swap_ironwrench" layername="timeline_0" frame="0" z_index="4" m_a="-0.839594" m_b="0.543215" m_c="-0.543215" m_d="-0.839594" m_tx="135.335526" m_ty="-69.836777"/>
   <element name="symbol1" layername="timeline_1" frame="0" z_index="3" m_a="1.200000" m_b="0.000000" m_c="0.000000" m_d="1.200000" m_tx="-106.959160" m_ty="-81.923767"/>
  </frame>
  <frame idx="500" w="674" h="287" x="-331.858612" y="-123.178307">
   <element name="swap_ironwrench/swap_ironwrench" layername="timeline_0" frame="0" z_index="4" m_a="-0.839594" m_b="0.543215" m_c="-0.543215" m_d="-0.839594" m_tx="135.335526" m_ty="-69.836777"/>
   <element name="symbol1" layername="timeline_1" frame="0" z_index="3" m_a="1.200000" m_b="0.000000" m_c="0.000000" m_d="1.200000" m_tx="-106.959160" m_ty="-81.923767"/>
  </frame>
  <frame idx="525" w="674" h="287" x="-331.858612" y="-123.178307">
   <element name="swap_ironwrench/swap_ironwrench" layername="timeline_0" frame="0" z_index="4" m_a="-0.839594" m_b="0.543215" m_c="-0.543215" m_d="-0.839594" m_tx="135.335526" m_ty="-69.836777"/>
   <element name="symbol1" layername="timeline_1" frame="0" z_index="3" m_a="1.200000" m_b="0.000000" m_c="0.000000" m_d="1.200000" m_tx="-106.959160" m_ty="-81.923767"/>
  </frame>
  <frame idx="550" w="674" h="287" x="-331.858612" y="-123.178307">
   <element name="swap_ironwrench/swap_ironwrench" layername="timeline_0" frame="0" z_index="4" m_a="-0.839594" m_b="0.543215" m_c="-0.543215" m_d="-0.839594" m_tx="135.335526" m_ty="-69.836777"/>
   <element name="symbol1" layername="timeline_1" frame="0" z_index="3" m_a="1.200000" m_b="0.000000" m_c="0.000000" m_d="1.200000" m_tx="-106.959160" m_ty="-81.923767"/>
  </frame>
  <frame idx="575" w="674" h="287" x="-331.858612" y="-123.178307">
   <element name="swap_ironwrench/swap_ironwrench" layername="timeline_0" frame="0" z_index="4" m_a="-0.839594" m_b="0.543215" m_c="-0.543215" m_d="-0.839594" m_tx="135.335526" m_ty="-69.836777"/>
   <element name="symbol1" layername="timeline_1" frame="0" z_index="3" m_a="1.200000" m_b="0.000000" m_c="0.000000" m_d="1.200000" m_tx="-106.959160" m_ty="-81.923767"/>
  </frame>
  <frame idx="600" w="674" h="287" x="-331.858612" y="-123.178307">
   <element name="swap_ironwrench/swap_ironwrench" layername="timeline_0" frame="0" z_index="4" m_a="-0.839594" m_b="0.543215" m_c="-0.543215" m_d="-0.839594" m_tx="135.335526" m_ty="-69.836777"/>
   <element name="symbol1" layername="timeline_1" frame="0" z_index="3" m_a="1.200000" m_b="0.000000" m_c="0.000000" m_d="1.200000" m_tx="-106.959160" m_ty="-81.923767"/>
  </frame>
  <frame idx="625" w="674" h="287" x="-331.858612" y="-123.178307">
   <element name="swap_ironwrench/swap_ironwrench" layername="timeline_0" frame="0" z_index="4" m_a="-0.839594" m_b="0.543215" m_c="-0.543215" m_d="-0.839594" m_tx="135.335526" m_ty="-69.836777"/>
   <element name="symbol1" layername="timeline_1" frame="0" z_index="3" m_a="1.200000" m_b="0.000000" m_c="0.000000" m_d="1.200000" m_tx="-106.959160" m_ty="-81.923767"/>
  </frame>
  <frame idx="650" w="674" h="287" x="-331.858612" y="-123.178307">
   <element name="swap_ironwrench/swap_ironwrench" layername="timeline_0" frame="0" z_index="4" m_a="-0.839594" m_b="0.543215" m_c="-0.543215" m_d="-0.839594" m_tx="135.335526" m_ty="-69.836777"/>
   <element name="symbol1" layername="timeline_1" frame="0" z_index="3" m_a="1.200000" m_b="0.000000" m_c="0.000000" m_d="1.200000" m_tx="-106.959160" m_ty="-81.923767"/>
  </frame>
  <frame idx="675" w="674" h="287" x="-331.858612" y="-123.178307">
   <element name="swap_ironwrench/swap_ironwrench" layername="timeline_0" frame="0" z_index="4" m_a="-0.839594" m_b="0.543215" m_c="-0.543215" m_d="-0.839594" m_tx="135.335526" m_ty="-69.836777"/>
   <element name="symbol1" layername="timeline_1" frame="0" z_index="3" m_a="1.200000" m_b="0.000000" m_c="0.000000" m_d="1.200000" m_tx="-106.959160" m_ty="-81.923767"/>
  </frame>
  <frame idx="700" w="674" h="287" x="-331.858612" y="-123.178307">
   <element name="swap_ironwrench/swap_ironwrench" layername="timeline_0" frame="0" z_index="4" m_a="-0.839594" m_b="0.543215" m_c="-0.543215" m_d="-0.839594" m_tx="135.335526" m_ty="-69.836777"/>
   <element name="symbol1" layername="timeline_1" frame="0" z_index="3" m_a="1.200000" m_b="0.000000" m_c="0.000000" m_d="1.200000" m_tx="-106.959160" m_ty="-81.923767"/>
  </frame>
  <frame idx="725" w="674" h="287" x="-331.858612" y="-123.178307">
   <element name="swap_ironwrench/swap_ironwrench" layername="timeline_0" frame="0" z_index="4" m_a="-0.839594" m_b="0.543215" m_c="-0.543215" m_d="-0.839594" m_tx="135.335526" m_ty="-69.836777"/>
   <element name="symbol1" layername="timeline_1" frame="0" z_index="3" m_a="1.200000" m_b="0.000000" m_c="0.000000" m_d="1.200000" m_tx="-106.959160" m_ty="-81.923767"/>
  </frame>
  <frame idx="750" w="674" h="287" x="-331.858612" y="-123.178307">
   <element name="swap_ironwrench/swap_ironwrench" layername="timeline_0" frame="0" z_index="4" m_a="-0.839594" m_b="0.543215" m_c="-0.543215" m_d="-0.839594" m_tx="135.335526" m_ty="-69.836777"/>
   <element name="symbol1" layername="timeline_1" frame="0" z_index="3" m_a="1.200000" m_b="0.000000" m_c="0.000000" m_d="1.200000" m_tx="-106.959160" m_ty="-81.923767"/>
  </frame>
  <frame idx="775" w="674" h="287" x="-331.858612" y="-123.178307">
   <element name="swap_ironwrench/swap_ironwrench" layername="timeline_0" frame="0" z_index="4" m_a="-0.839594" m_b="0.543215" m_c="-0.543215" m_d="-0.839594" m_tx="135.335526" m_ty="-69.836777"/>
   <element name="symbol1" layername="timeline_1" frame="0" z_index="3" m_a="1.200000" m_b="0.000000" m_c="0.000000" m_d="1.200000" m_tx="-106.959160" m_ty="-81.923767"/>
  </frame>
  <frame idx="800" w="674" h="287" x="-331.858612" y="-123.178307">
   <element name="swap_ironwrench/swap_ironwrench" layername="timeline_0" frame="0" z_index="4" m_a="-0.839594" m_b="0.543215" m_c="-0.543215" m_d="-0.839594" m_tx="135.335526" m_ty="-69.836777"/>
   <element name="symbol1" layername="timeline_1" frame="0" z_index="3" m_a="1.200000" m_b="0.000000" m_c="0.000000" m_d="1.200000" m_tx="-106.959160" m_ty="-81.923767"/>
  </frame>
  <frame idx="825" w="674" h="287" x="-331.858612" y="-123.178307">
   <element name="swap_ironwrench/swap_ironwrench" layername="timeline_0" frame="0" z_index="4" m_a="-0.839594" m_b="0.543215" m_c="-0.543215" m_d="-0.839594" m_tx="135.335526" m_ty="-69.836777"/>
   <element name="symbol1" layername="timeline_1" frame="0" z_index="3" m_a="1.200000" m_b="0.000000" m_c="0.000000" m_d="1.200000" m_tx="-106.959160" m_ty="-81.923767"/>
  </frame>
  <frame idx="850" w="674" h="287" x="-331.858612" y="-123.178307">
   <element name="swap_ironwrench/swap_ironwrench" layername="timeline_0" frame="0" z_index="4" m_a="-0.839594" m_b="0.543215" m_c="-0.543215" m_d="-0.839594" m_tx="135.335526" m_ty="-69.836777"/>
   <element name="symbol1" layername="timeline_1" frame="0" z_index="3" m_a="1.200000" m_b="0.000000" m_c="0.000000" m_d="1.200000" m_tx="-106.959160" m_ty="-81.923767"/>
  </frame>
  <frame idx="875" w="674" h="287" x="-331.858612" y="-123.178307">
   <element name="swap_ironwrench/swap_ironwrench" layername="timeline_0" frame="0" z_index="4" m_a="-0.839594" m_b="0.543215" m_c="-0.543215" m_d="-0.839594" m_tx="135.335526" m_ty="-69.836777"/>
   <element name="symbol1" layername="timeline_1" frame="0" z_index="3" m_a="1.200000" m_b="0.000000" m_c="0.000000" m_d="1.200000" m_tx="-106.959160" m_ty="-81.923767"/>
  </frame>
  <frame idx="900" w="674" h="287" x="-331.858612" y="-123.178307">
   <element name="swap_ironwrench/swap_ironwrench" layername="timeline_0" frame="0" z_index="4" m_a="-0.839594" m_b="0.543215" m_c="-0.543215" m_d="-0.839594" m_tx="135.335526" m_ty="-69.836777"/>
   <element name="symbol1" layername="timeline_1" frame="0" z_index="3" m_a="1.200000" m_b="0.000000" m_c="0.000000" m_d="1.200000" m_tx="-106.959160" m_ty="-81.923767"/>
  </frame>
  <frame idx="925" w="674" h="287" x="-331.858612" y="-123.178307">
   <element name="swap_ironwrench/swap_ironwrench" layername="timeline_0" frame="0" z_index="4" m_a="-0.839594" m_b="0.543215" m_c="-0.543215" m_d="-0.839594" m_tx="135.335526" m_ty="-69.836777"/>
   <element name="symbol1" layername="timeline_1" frame="0" z_index="3" m_a="1.200000" m_b="0.000000" m_c="0.000000" m_d="1.200000" m_tx="-106.959160" m_ty="-81.923767"/>
  </frame>
  <frame idx="950" w="674" h="287" x="-331.858612" y="-123.178307">
   <element name="swap_ironwrench/swap_ironwrench" layername="timeline_0" frame="0" z_index="4" m_a="-0.839594" m_b="0.543215" m_c="-0.543215" m_d="-0.839594" m_tx="135.335526" m_ty="-69.836777"/>
   <element name="symbol1" layername="timeline_1" frame="0" z_index="3" m_a="1.200000" m_b="0.000000" m_c="0.000000" m_d="1.200000" m_tx="-106.959160" m_ty="-81.923767"/>
  </frame>
  <frame idx="975" w="674" h="287" x="-331.858612" y="-123.178307">
   <element name="swap_ironwrench/swap_ironwrench" layername="timeline_0" frame="0" z_index="4" m_a="-0.839594" m_b="0.543215" m_c="-0.543215" m_d="-0.839594" m_tx="135.335526" m_ty="-69.836777"/>
   <element name="symbol1" layername="timeline_1" frame="0" z_index="3" m_a="1.200000" m_b="0.000000" m_c="0.000000" m_d="1.200000" m_tx="-106.959160" m_ty="-81.923767"/>
  </frame>
 </anim>
 <anim name="idle" root="crappywrench" numframes="1000" framerate="40">
  <frame idx="0" w="674" h="287" x="-331.858612" y="-123.178307">
   <element name="swap_ironwrench/swap_crappywrench" layername="timeline_0" frame="0" z_index="4" m_a="-0.839594" m_b="0.543215" m_c="-0.543215" m_d="-0.839594" m_tx="135.335526" m_ty="-69.836777"/>
   <element name="symbol1" layername="timeline_1" frame="0" z_index="3" m_a="1.200000" m_b="0.000000" m_c="0.000000" m_d="1.200000" m_tx="-106.959160" m_ty="-81.923767"/>
  </frame>
  <frame idx="25" w="674" h="287" x="-331.858612" y="-123.178307">
   <element name="swap_ironwrench/swap_crappywrench" layername="timeline_0" frame="0" z_index="4" m_a="-0.839594" m_b="0.543215" m_c="-0.543215" m_d="-0.839594" m_tx="135.335526" m_ty="-69.836777"/>
   <element name="symbol1" layername="timeline_1" frame="0" z_index="3" m_a="1.200000" m_b="0.000000" m_c="0.000000" m_d="1.200000" m_tx="-106.959160" m_ty="-81.923767"/>
  </frame>
  <frame idx="50" w="674" h="287" x="-331.858612" y="-123.178307">
   <element name="swap_ironwrench/swap_crappywrench" layername="timeline_0" frame="0" z_index="4" m_a="-0.839594" m_b="0.543215" m_c="-0.543215" m_d="-0.839594" m_tx="135.335526" m_ty="-69.836777"/>
   <element name="symbol1" layername="timeline_1" frame="0" z_index="3" m_a="1.200000" m_b="0.000000" m_c="0.000000" m_d="1.200000" m_tx="-106.959160" m_ty="-81.923767"/>
  </frame>
  <frame idx="75" w="674" h="287" x="-331.858612" y="-123.178307">
   <element name="swap_ironwrench/swap_crappywrench" layername="timeline_0" frame="0" z_index="4" m_a="-0.839594" m_b="0.543215" m_c="-0.543215" m_d="-0.839594" m_tx="135.335526" m_ty="-69.836777"/>
   <element name="symbol1" layername="timeline_1" frame="0" z_index="3" m_a="1.200000" m_b="0.000000" m_c="0.000000" m_d="1.200000" m_tx="-106.959160" m_ty="-81.923767"/>
  </frame>
  <frame idx="100" w="674" h="287" x="-331.858612" y="-123.178307">
   <element name="swap_ironwrench/swap_crappywrench" layername="timeline_0" frame="0" z_index="4" m_a="-0.839594" m_b="0.543215" m_c="-0.543215" m_d="-0.839594" m_tx="135.335526" m_ty="-69.836777"/>
   <element name="symbol1" layername="timeline_1" frame="0" z_index="3" m_a="1.200000" m_b="0.000000" m_c="0.000000" m_d="1.200000" m_tx="-106.959160" m_ty="-81.923767"/>
  </frame>
  <frame idx="125" w="674" h="287" x="-331.858612" y="-123.178307">
   <element name="swap_ironwrench/swap_crappywrench" layername="timeline_0" frame="0" z_index="4" m_a="-0.839594" m_b="0.543215" m_c="-0.543215" m_d="-0.839594" m_tx="135.335526" m_ty="-69.836777"/>
   <element name="symbol1" layername="timeline_1" frame="0" z_index="3" m_a="1.200000" m_b="0.000000" m_c="0.000000" m_d="1.200000" m_tx="-106.959160" m_ty="-81.923767"/>
  </frame>
  <frame idx="150" w="674" h="287" x="-331.858612" y="-123.178307">
   <element name="swap_ironwrench/swap_crappywrench" layername="timeline_0" frame="0" z_index="4" m_a="-0.839594" m_b="0.543215" m_c="-0.543215" m_d="-0.839594" m_tx="135.335526" m_ty="-69.836777"/>
   <element name="symbol1" layername="timeline_1" frame="0" z_index="3" m_a="1.200000" m_b="0.000000" m_c="0.000000" m_d="1.200000" m_tx="-106.959160" m_ty="-81.923767"/>
  </frame>
  <frame idx="175" w="674" h="287" x="-331.858612" y="-123.178307">
   <element name="swap_ironwrench/swap_crappywrench" layername="timeline_0" frame="0" z_index="4" m_a="-0.839594" m_b="0.543215" m_c="-0.543215" m_d="-0.839594" m_tx="135.335526" m_ty="-69.836777"/>
   <element name="symbol1" layername="timeline_1" frame="0" z_index="3" m_a="1.200000" m_b="0.000000" m_c="0.000000" m_d="1.200000" m_tx="-106.959160" m_ty="-81.923767"/>
  </frame>
  <frame idx="200" w="674" h="287" x="-331.858612" y="-123.178307">
   <element name="swap_ironwrench/swap_crappywrench" layername="timeline_0" frame="0" z_index="4" m_a="-0.839594" m_b="0.543215" m_c="-0.543215" m_d="-0.839594" m_tx="135.335526" m_ty="-69.836777"/>
   <element name="symbol1" layername="timeline_1" frame="0" z_index="3" m_a="1.200000" m_b="0.000000" m_c="0.000000" m_d="1.200000" m_tx="-106.959160" m_ty="-81.923767"/>
  </frame>
  <frame idx="225" w="674" h="287" x="-331.858612" y="-123.178307">
   <element name="swap_ironwrench/swap_crappywrench" layername="timeline_0" frame="0" z_index="4" m_a="-0.839594" m_b="0.543215" m_c="-0.543215" m_d="-0.839594" m_tx="135.335526" m_ty="-69.836777"/>
   <element name="symbol1" layername="timeline_1" frame="0" z_index="3" m_a="1.200000" m_b="0.000000" m_c="0.000000" m_d="1.200000" m_tx="-106.959160" m_ty="-81.923767"/>
  </frame>
  <frame idx="250" w="674" h="287" x="-331.858612" y="-123.178307">
   <element name="swap_ironwrench/swap_crappywrench" layername="timeline_0" frame="0" z_index="4" m_a="-0.839594" m_b="0.543215" m_c="-0.543215" m_d="-0.839594" m_tx="135.335526" m_ty="-69.836777"/>
   <element name="symbol1" layername="timeline_1" frame="0" z_index="3" m_a="1.200000" m_b="0.000000" m_c="0.000000" m_d="1.200000" m_tx="-106.959160" m_ty="-81.923767"/>
  </frame>
  <frame idx="275" w="674" h="287" x="-331.858612" y="-123.178307">
   <element name="swap_ironwrench/swap_crappywrench" layername="timeline_0" frame="0" z_index="4" m_a="-0.839594" m_b="0.543215" m_c="-0.543215" m_d="-0.839594" m_tx="135.335526" m_ty="-69.836777"/>
   <element name="symbol1" layername="timeline_1" frame="0" z_index="3" m_a="1.200000" m_b="0.000000" m_c="0.000000" m_d="1.200000" m_tx="-106.959160" m_ty="-81.923767"/>
  </frame>
  <frame idx="300" w="674" h="287" x="-331.858612" y="-123.178307">
   <element name="swap_ironwrench/swap_crappywrench" layername="timeline_0" frame="0" z_index="4" m_a="-0.839594" m_b="0.543215" m_c="-0.543215" m_d="-0.839594" m_tx="135.335526" m_ty="-69.836777"/>
   <element name="symbol1" layername="timeline_1" frame="0" z_index="3" m_a="1.200000" m_b="0.000000" m_c="0.000000" m_d="1.200000" m_tx="-106.959160" m_ty="-81.923767"/>
  </frame>
  <frame idx="325" w="674" h="287" x="-331.858612" y="-123.178307">
   <element name="swap_ironwrench/swap_crappywrench" layername="timeline_0" frame="0" z_index="4" m_a="-0.839594" m_b="0.543215" m_c="-0.543215" m_d="-0.839594" m_tx="135.335526" m_ty="-69.836777"/>
   <element name="symbol1" layername="timeline_1" frame="0" z_index="3" m_a="1.200000" m_b="0.000000" m_c="0.000000" m_d="1.200000" m_tx="-106.959160" m_ty="-81.923767"/>
  </frame>
  <frame idx="350" w="674" h="287" x="-331.858612" y="-123.178307">
   <element name="swap_ironwrench/swap_crappywrench" layername="timeline_0" frame="0" z_index="4" m_a="-0.839594" m_b="0.543215" m_c="-0.543215" m_d="-0.839594" m_tx="135.335526" m_ty="-69.836777"/>
   <element name="symbol1" layername="timeline_1" frame="0" z_index="3" m_a="1.200000" m_b="0.000000" m_c="0.000000" m_d="1.200000" m_tx="-106.959160" m_ty="-81.923767"/>
  </frame>
  <frame idx="375" w="674" h="287" x="-331.858612" y="-123.178307">
   <element name="swap_ironwrench/swap_crappywrench" layername="timeline_0" frame="0" z_index="4" m_a="-0.839594" m_b="0.543215" m_c="-0.543215" m_d="-0.839594" m_tx="135.335526" m_ty="-69.836777"/>
   <element name="symbol1" layername="timeline_1" frame="0" z_index="3" m_a="1.200000" m_b="0.000000" m_c="0.000000" m_d="1.200000" m_tx="-106.959160" m_ty="-81.923767"/>
  </frame>
  <frame idx="400" w="674" h="287" x="-331.858612" y="-123.178307">
   <element name="swap_ironwrench/swap_crappywrench" layername="timeline_0" frame="0" z_index="4" m_a="-0.839594" m_b="0.543215" m_c="-0.543215" m_d="-0.839594" m_tx="135.335526" m_ty="-69.836777"/>
   <element name="symbol1" layername="timeline_1" frame="0" z_index="3" m_a="1.200000" m_b="0.000000" m_c="0.000000" m_d="1.200000" m_tx="-106.959160" m_ty="-81.923767"/>
  </frame>
  <frame idx="425" w="674" h="287" x="-331.858612" y="-123.178307">
   <element name="swap_ironwrench/swap_crappywrench" layername="timeline_0" frame="0" z_index="4" m_a="-0.839594" m_b="0.543215" m_c="-0.543215" m_d="-0.839594" m_tx="135.335526" m_ty="-69.836777"/>
   <element name="symbol1" layername="timeline_1" frame="0" z_index="3" m_a="1.200000" m_b="0.000000" m_c="0.000000" m_d="1.200000" m_tx="-106.959160" m_ty="-81.923767"/>
  </frame>
  <frame idx="450" w="674" h="287" x="-331.858612" y="-123.178307">
   <element name="swap_ironwrench/swap_crappywrench" layername="timeline_0" frame="0" z_index="4" m_a="-0.839594" m_b="0.543215" m_c="-0.543215" m_d="-0.839594" m_tx="135.335526" m_ty="-69.836777"/>
   <element name="symbol1" layername="timeline_1" frame="0" z_index="3" m_a="1.200000" m_b="0.000000" m_c="0.000000" m_d="1.200000" m_tx="-106.959160" m_ty="-81.923767"/>
  </frame>
  <frame idx="475" w="674" h="287" x="-331.858612" y="-123.178307">
   <element name="swap_ironwrench/swap_crappywrench" layername="timeline_0" frame="0" z_index="4" m_a="-0.839594" m_b="0.543215" m_c="-0.543215" m_d="-0.839594" m_tx="135.335526" m_ty="-69.836777"/>
   <element name="symbol1" layername="timeline_1" frame="0" z_index="3" m_a="1.200000" m_b="0.000000" m_c="0.000000" m_d="1.200000" m_tx="-106.959160" m_ty="-81.923767"/>
  </frame>
  <frame idx="500" w="674" h="287" x="-331.858612" y="-123.178307">
   <element name="swap_ironwrench/swap_crappywrench" layername="timeline_0" frame="0" z_index="4" m_a="-0.839594" m_b="0.543215" m_c="-0.543215" m_d="-0.839594" m_tx="135.335526" m_ty="-69.836777"/>
   <element name="symbol1" layername="timeline_1" frame="0" z_index="3" m_a="1.200000" m_b="0.000000" m_c="0.000000" m_d="1.200000" m_tx="-106.959160" m_ty="-81.923767"/>
  </frame>
  <frame idx="525" w="674" h="287" x="-331.858612" y="-123.178307">
   <element name="swap_ironwrench/swap_crappywrench" layername="timeline_0" frame="0" z_index="4" m_a="-0.839594" m_b="0.543215" m_c="-0.543215" m_d="-0.839594" m_tx="135.335526" m_ty="-69.836777"/>
   <element name="symbol1" layername="timeline_1" frame="0" z_index="3" m_a="1.200000" m_b="0.000000" m_c="0.000000" m_d="1.200000" m_tx="-106.959160" m_ty="-81.923767"/>
  </frame>
  <frame idx="550" w="674" h="287" x="-331.858612" y="-123.178307">
   <element name="swap_ironwrench/swap_crappywrench" layername="timeline_0" frame="0" z_index="4" m_a="-0.839594" m_b="0.543215" m_c="-0.543215" m_d="-0.839594" m_tx="135.335526" m_ty="-69.836777"/>
   <element name="symbol1" layername="timeline_1" frame="0" z_index="3" m_a="1.200000" m_b="0.000000" m_c="0.000000" m_d="1.200000" m_tx="-106.959160" m_ty="-81.923767"/>
  </frame>
  <frame idx="575" w="674" h="287" x="-331.858612" y="-123.178307">
   <element name="swap_ironwrench/swap_crappywrench" layername="timeline_0" frame="0" z_index="4" m_a="-0.839594" m_b="0.543215" m_c="-0.543215" m_d="-0.839594" m_tx="135.335526" m_ty="-69.836777"/>
   <element name="symbol1" layername="timeline_1" frame="0" z_index="3" m_a="1.200000" m_b="0.000000" m_c="0.000000" m_d="1.200000" m_tx="-106.959160" m_ty="-81.923767"/>
  </frame>
  <frame idx="600" w="674" h="287" x="-331.858612" y="-123.178307">
   <element name="swap_ironwrench/swap_crappywrench" layername="timeline_0" frame="0" z_index="4" m_a="-0.839594" m_b="0.543215" m_c="-0.543215" m_d="-0.839594" m_tx="135.335526" m_ty="-69.836777"/>
   <element name="symbol1" layername="timeline_1" frame="0" z_index="3" m_a="1.200000" m_b="0.000000" m_c="0.000000" m_d="1.200000" m_tx="-106.959160" m_ty="-81.923767"/>
  </frame>
  <frame idx="625" w="674" h="287" x="-331.858612" y="-123.178307">
   <element name="swap_ironwrench/swap_crappywrench" layername="timeline_0" frame="0" z_index="4" m_a="-0.839594" m_b="0.543215" m_c="-0.543215" m_d="-0.839594" m_tx="135.335526" m_ty="-69.836777"/>
   <element name="symbol1" layername="timeline_1" frame="0" z_index="3" m_a="1.200000" m_b="0.000000" m_c="0.000000" m_d="1.200000" m_tx="-106.959160" m_ty="-81.923767"/>
  </frame>
  <frame idx="650" w="674" h="287" x="-331.858612" y="-123.178307">
   <element name="swap_ironwrench/swap_crappywrench" layername="timeline_0" frame="0" z_index="4" m_a="-0.839594" m_b="0.543215" m_c="-0.543215" m_d="-0.839594" m_tx="135.335526" m_ty="-69.836777"/>
   <element name="symbol1" layername="timeline_1" frame="0" z_index="3" m_a="1.200000" m_b="0.000000" m_c="0.000000" m_d="1.200000" m_tx="-106.959160" m_ty="-81.923767"/>
  </frame>
  <frame idx="675" w="674" h="287" x="-331.858612" y="-123.178307">
   <element name="swap_ironwrench/swap_crappywrench" layername="timeline_0" frame="0" z_index="4" m_a="-0.839594" m_b="0.543215" m_c="-0.543215" m_d="-0.839594" m_tx="135.335526" m_ty="-69.836777"/>
   <element name="symbol1" layername="timeline_1" frame="0" z_index="3" m_a="1.200000" m_b="0.000000" m_c="0.000000" m_d="1.200000" m_tx="-106.959160" m_ty="-81.923767"/>
  </frame>
  <frame idx="700" w="674" h="287" x="-331.858612" y="-123.178307">
   <element name="swap_ironwrench/swap_crappywrench" layername="timeline_0" frame="0" z_index="4" m_a="-0.839594" m_b="0.543215" m_c="-0.543215" m_d="-0.839594" m_tx="135.335526" m_ty="-69.836777"/>
   <element name="symbol1" layername="timeline_1" frame="0" z_index="3" m_a="1.200000" m_b="0.000000" m_c="0.000000" m_d="1.200000" m_tx="-106.959160" m_ty="-81.923767"/>
  </frame>
  <frame idx="725" w="674" h="287" x="-331.858612" y="-123.178307">
   <element name="swap_ironwrench/swap_crappywrench" layername="timeline_0" frame="0" z_index="4" m_a="-0.839594" m_b="0.543215" m_c="-0.543215" m_d="-0.839594" m_tx="135.335526" m_ty="-69.836777"/>
   <element name="symbol1" layername="timeline_1" frame="0" z_index="3" m_a="1.200000" m_b="0.000000" m_c="0.000000" m_d="1.200000" m_tx="-106.959160" m_ty="-81.923767"/>
  </frame>
  <frame idx="750" w="674" h="287" x="-331.858612" y="-123.178307">
   <element name="swap_ironwrench/swap_crappywrench" layername="timeline_0" frame="0" z_index="4" m_a="-0.839594" m_b="0.543215" m_c="-0.543215" m_d="-0.839594" m_tx="135.335526" m_ty="-69.836777"/>
   <element name="symbol1" layername="timeline_1" frame="0" z_index="3" m_a="1.200000" m_b="0.000000" m_c="0.000000" m_d="1.200000" m_tx="-106.959160" m_ty="-81.923767"/>
  </frame>
  <frame idx="775" w="674" h="287" x="-331.858612" y="-123.178307">
   <element name="swap_ironwrench/swap_crappywrench" layername="timeline_0" frame="0" z_index="4" m_a="-0.839594" m_b="0.543215" m_c="-0.543215" m_d="-0.839594" m_tx="135.335526" m_ty="-69.836777"/>
   <element name="symbol1" layername="timeline_1" frame="0" z_index="3" m_a="1.200000" m_b="0.000000" m_c="0.000000" m_d="1.200000" m_tx="-106.959160" m_ty="-81.923767"/>
  </frame>
  <frame idx="800" w="674" h="287" x="-331.858612" y="-123.178307">
   <element name="swap_ironwrench/swap_crappywrench" layername="timeline_0" frame="0" z_index="4" m_a="-0.839594" m_b="0.543215" m_c="-0.543215" m_d="-0.839594" m_tx="135.335526" m_ty="-69.836777"/>
   <element name="symbol1" layername="timeline_1" frame="0" z_index="3" m_a="1.200000" m_b="0.000000" m_c="0.000000" m_d="1.200000" m_tx="-106.959160" m_ty="-81.923767"/>
  </frame>
  <frame idx="825" w="674" h="287" x="-331.858612" y="-123.178307">
   <element name="swap_ironwrench/swap_crappywrench" layername="timeline_0" frame="0" z_index="4" m_a="-0.839594" m_b="0.543215" m_c="-0.543215" m_d="-0.839594" m_tx="135.335526" m_ty="-69.836777"/>
   <element name="symbol1" layername="timeline_1" frame="0" z_index="3" m_a="1.200000" m_b="0.000000" m_c="0.000000" m_d="1.200000" m_tx="-106.959160" m_ty="-81.923767"/>
  </frame>
  <frame idx="850" w="674" h="287" x="-331.858612" y="-123.178307">
   <element name="swap_ironwrench/swap_crappywrench" layername="timeline_0" frame="0" z_index="4" m_a="-0.839594" m_b="0.543215" m_c="-0.543215" m_d="-0.839594" m_tx="135.335526" m_ty="-69.836777"/>
   <element name="symbol1" layername="timeline_1" frame="0" z_index="3" m_a="1.200000" m_b="0.000000" m_c="0.000000" m_d="1.200000" m_tx="-106.959160" m_ty="-81.923767"/>
  </frame>
  <frame idx="875" w="674" h="287" x="-331.858612" y="-123.178307">
   <element name="swap_ironwrench/swap_crappywrench" layername="timeline_0" frame="0" z_index="4" m_a="-0.839594" m_b="0.543215" m_c="-0.543215" m_d="-0.839594" m_tx="135.335526" m_ty="-69.836777"/>
   <element name="symbol1" layername="timeline_1" frame="0" z_index="3" m_a="1.200000" m_b="0.000000" m_c="0.000000" m_d="1.200000" m_tx="-106.959160" m_ty="-81.923767"/>
  </frame>
  <frame idx="900" w="674" h="287" x="-331.858612" y="-123.178307">
   <element name="swap_ironwrench/swap_crappywrench" layername="timeline_0" frame="0" z_index="4" m_a="-0.839594" m_b="0.543215" m_c="-0.543215" m_d="-0.839594" m_tx="135.335526" m_ty="-69.836777"/>
   <element name="symbol1" layername="timeline_1" frame="0" z_index="3" m_a="1.200000" m_b="0.000000" m_c="0.000000" m_d="1.200000" m_tx="-106.959160" m_ty="-81.923767"/>
  </frame>
  <frame idx="925" w="674" h="287" x="-331.858612" y="-123.178307">
   <element name="swap_ironwrench/swap_crappywrench" layername="timeline_0" frame="0" z_index="4" m_a="-0.839594" m_b="0.543215" m_c="-0.543215" m_d="-0.839594" m_tx="135.335526" m_ty="-69.836777"/>
   <element name="symbol1" layername="timeline_1" frame="0" z_index="3" m_a="1.200000" m_b="0.000000" m_c="0.000000" m_d="1.200000" m_tx="-106.959160" m_ty="-81.923767"/>
  </frame>
  <frame idx="950" w="674" h="287" x="-331.858612" y="-123.178307">
   <element name="swap_ironwrench/swap_crappywrench" layername="timeline_0" frame="0" z_index="4" m_a="-0.839594" m_b="0.543215" m_c="-0.543215" m_d="-0.839594" m_tx="135.335526" m_ty="-69.836777"/>
   <element name="symbol1" layername="timeline_1" frame="0" z_index="3" m_a="1.200000" m_b="0.000000" m_c="0.000000" m_d="1.200000" m_tx="-106.959160" m_ty="-81.923767"/>
  </frame>
  <frame idx="975" w="674" h="287" x="-331.858612" y="-123.178307">
   <element name="swap_ironwrench/swap_crappywrench" layername="timeline_0" frame="0" z_index="4" m_a="-0.839594" m_b="0.543215" m_c="-0.543215" m_d="-0.839594" m_tx="135.335526" m_ty="-69.836777"/>
   <element name="symbol1" layername="timeline_1" frame="0" z_index="3" m_a="1.200000" m_b="0.000000" m_c="0.000000" m_d="1.200000" m_tx="-106.959160" m_ty="-81.923767"/>
  </frame>
 </anim>
</Anims>
