<Anims>
 <anim name="BUILD" root="swap_miningfuelmeter_0" numframes="1000" framerate="40">
  <frame idx="0" w="1080" h="1084" x="-86.004807" y="-89.500000">
   <element name="swap_miningfuelmeter_0" layername="timeline_0" frame="0" z_index="9" m_a="1.500000" m_b="0.000000" m_c="0.000000" m_d="1.500000" m_tx="1.000000" m_ty="1.000000"/>
  </frame>
  <frame idx="25" w="1080" h="1084" x="-86.004807" y="-89.500000">
   <element name="swap_miningfuelmeter_0" layername="timeline_0" frame="0" z_index="9" m_a="1.500000" m_b="0.000000" m_c="0.000000" m_d="1.500000" m_tx="1.000000" m_ty="1.000000"/>
  </frame>
  <frame idx="50" w="1080" h="1084" x="-86.004807" y="-89.500000">
   <element name="swap_miningfuelmeter_0" layername="timeline_0" frame="0" z_index="9" m_a="1.500000" m_b="0.000000" m_c="0.000000" m_d="1.500000" m_tx="1.000000" m_ty="1.000000"/>
  </frame>
  <frame idx="75" w="1080" h="1084" x="-86.004807" y="-89.500000">
   <element name="swap_miningfuelmeter_0" layername="timeline_0" frame="0" z_index="9" m_a="1.500000" m_b="0.000000" m_c="0.000000" m_d="1.500000" m_tx="1.000000" m_ty="1.000000"/>
  </frame>
  <frame idx="100" w="1080" h="1084" x="-86.004807" y="-89.500000">
   <element name="swap_miningfuelmeter_0" layername="timeline_0" frame="0" z_index="9" m_a="1.500000" m_b="0.000000" m_c="0.000000" m_d="1.500000" m_tx="1.000000" m_ty="1.000000"/>
  </frame>
  <frame idx="125" w="1080" h="1084" x="-86.004807" y="-89.500000">
   <element name="swap_miningfuelmeter_0" layername="timeline_0" frame="0" z_index="9" m_a="1.500000" m_b="0.000000" m_c="0.000000" m_d="1.500000" m_tx="1.000000" m_ty="1.000000"/>
  </frame>
  <frame idx="150" w="1080" h="1084" x="-86.004807" y="-89.500000">
   <element name="swap_miningfuelmeter_0" layername="timeline_0" frame="0" z_index="9" m_a="1.500000" m_b="0.000000" m_c="0.000000" m_d="1.500000" m_tx="1.000000" m_ty="1.000000"/>
  </frame>
  <frame idx="175" w="1080" h="1084" x="-86.004807" y="-89.500000">
   <element name="swap_miningfuelmeter_0" layername="timeline_0" frame="0" z_index="9" m_a="1.500000" m_b="0.000000" m_c="0.000000" m_d="1.500000" m_tx="1.000000" m_ty="1.000000"/>
  </frame>
  <frame idx="200" w="1080" h="1084" x="-86.004807" y="-89.500000">
   <element name="swap_miningfuelmeter_0" layername="timeline_0" frame="0" z_index="9" m_a="1.500000" m_b="0.000000" m_c="0.000000" m_d="1.500000" m_tx="1.000000" m_ty="1.000000"/>
  </frame>
  <frame idx="225" w="1080" h="1084" x="-86.004807" y="-89.500000">
   <element name="swap_miningfuelmeter_0" layername="timeline_0" frame="0" z_index="9" m_a="1.500000" m_b="0.000000" m_c="0.000000" m_d="1.500000" m_tx="1.000000" m_ty="1.000000"/>
  </frame>
  <frame idx="250" w="1080" h="1084" x="-86.004807" y="-89.500000">
   <element name="swap_miningfuelmeter_0" layername="timeline_0" frame="0" z_index="9" m_a="1.500000" m_b="0.000000" m_c="0.000000" m_d="1.500000" m_tx="1.000000" m_ty="1.000000"/>
  </frame>
  <frame idx="275" w="1080" h="1084" x="-86.004807" y="-89.500000">
   <element name="swap_miningfuelmeter_0" layername="timeline_0" frame="0" z_index="9" m_a="1.500000" m_b="0.000000" m_c="0.000000" m_d="1.500000" m_tx="1.000000" m_ty="1.000000"/>
  </frame>
  <frame idx="300" w="1080" h="1084" x="-86.004807" y="-89.500000">
   <element name="swap_miningfuelmeter_0" layername="timeline_0" frame="0" z_index="9" m_a="1.500000" m_b="0.000000" m_c="0.000000" m_d="1.500000" m_tx="1.000000" m_ty="1.000000"/>
  </frame>
  <frame idx="325" w="1080" h="1084" x="-86.004807" y="-89.500000">
   <element name="swap_miningfuelmeter_0" layername="timeline_0" frame="0" z_index="9" m_a="1.500000" m_b="0.000000" m_c="0.000000" m_d="1.500000" m_tx="1.000000" m_ty="1.000000"/>
  </frame>
  <frame idx="350" w="1080" h="1084" x="-86.004807" y="-89.500000">
   <element name="swap_miningfuelmeter_0" layername="timeline_0" frame="0" z_index="9" m_a="1.500000" m_b="0.000000" m_c="0.000000" m_d="1.500000" m_tx="1.000000" m_ty="1.000000"/>
  </frame>
  <frame idx="375" w="1080" h="1084" x="-86.004807" y="-89.500000">
   <element name="swap_miningfuelmeter_0" layername="timeline_0" frame="0" z_index="9" m_a="1.500000" m_b="0.000000" m_c="0.000000" m_d="1.500000" m_tx="1.000000" m_ty="1.000000"/>
  </frame>
  <frame idx="400" w="1080" h="1084" x="-86.004807" y="-89.500000">
   <element name="swap_miningfuelmeter_0" layername="timeline_0" frame="0" z_index="9" m_a="1.500000" m_b="0.000000" m_c="0.000000" m_d="1.500000" m_tx="1.000000" m_ty="1.000000"/>
  </frame>
  <frame idx="425" w="1080" h="1084" x="-86.004807" y="-89.500000">
   <element name="swap_miningfuelmeter_0" layername="timeline_0" frame="0" z_index="9" m_a="1.500000" m_b="0.000000" m_c="0.000000" m_d="1.500000" m_tx="1.000000" m_ty="1.000000"/>
  </frame>
  <frame idx="450" w="1080" h="1084" x="-86.004807" y="-89.500000">
   <element name="swap_miningfuelmeter_0" layername="timeline_0" frame="0" z_index="9" m_a="1.500000" m_b="0.000000" m_c="0.000000" m_d="1.500000" m_tx="1.000000" m_ty="1.000000"/>
  </frame>
  <frame idx="475" w="1080" h="1084" x="-86.004807" y="-89.500000">
   <element name="swap_miningfuelmeter_0" layername="timeline_0" frame="0" z_index="9" m_a="1.500000" m_b="0.000000" m_c="0.000000" m_d="1.500000" m_tx="1.000000" m_ty="1.000000"/>
  </frame>
  <frame idx="500" w="1080" h="1084" x="-86.004807" y="-89.500000">
   <element name="swap_miningfuelmeter_0" layername="timeline_0" frame="0" z_index="9" m_a="1.500000" m_b="0.000000" m_c="0.000000" m_d="1.500000" m_tx="1.000000" m_ty="1.000000"/>
  </frame>
  <frame idx="525" w="1080" h="1084" x="-86.004807" y="-89.500000">
   <element name="swap_miningfuelmeter_0" layername="timeline_0" frame="0" z_index="9" m_a="1.500000" m_b="0.000000" m_c="0.000000" m_d="1.500000" m_tx="1.000000" m_ty="1.000000"/>
  </frame>
  <frame idx="550" w="1080" h="1084" x="-86.004807" y="-89.500000">
   <element name="swap_miningfuelmeter_0" layername="timeline_0" frame="0" z_index="9" m_a="1.500000" m_b="0.000000" m_c="0.000000" m_d="1.500000" m_tx="1.000000" m_ty="1.000000"/>
  </frame>
  <frame idx="575" w="1080" h="1084" x="-86.004807" y="-89.500000">
   <element name="swap_miningfuelmeter_0" layername="timeline_0" frame="0" z_index="9" m_a="1.500000" m_b="0.000000" m_c="0.000000" m_d="1.500000" m_tx="1.000000" m_ty="1.000000"/>
  </frame>
  <frame idx="600" w="1080" h="1084" x="-86.004807" y="-89.500000">
   <element name="swap_miningfuelmeter_0" layername="timeline_0" frame="0" z_index="9" m_a="1.500000" m_b="0.000000" m_c="0.000000" m_d="1.500000" m_tx="1.000000" m_ty="1.000000"/>
  </frame>
  <frame idx="625" w="1080" h="1084" x="-86.004807" y="-89.500000">
   <element name="swap_miningfuelmeter_0" layername="timeline_0" frame="0" z_index="9" m_a="1.500000" m_b="0.000000" m_c="0.000000" m_d="1.500000" m_tx="1.000000" m_ty="1.000000"/>
  </frame>
  <frame idx="650" w="1080" h="1084" x="-86.004807" y="-89.500000">
   <element name="swap_miningfuelmeter_0" layername="timeline_0" frame="0" z_index="9" m_a="1.500000" m_b="0.000000" m_c="0.000000" m_d="1.500000" m_tx="1.000000" m_ty="1.000000"/>
  </frame>
  <frame idx="675" w="1080" h="1084" x="-86.004807" y="-89.500000">
   <element name="swap_miningfuelmeter_0" layername="timeline_0" frame="0" z_index="9" m_a="1.500000" m_b="0.000000" m_c="0.000000" m_d="1.500000" m_tx="1.000000" m_ty="1.000000"/>
  </frame>
  <frame idx="700" w="1080" h="1084" x="-86.004807" y="-89.500000">
   <element name="swap_miningfuelmeter_0" layername="timeline_0" frame="0" z_index="9" m_a="1.500000" m_b="0.000000" m_c="0.000000" m_d="1.500000" m_tx="1.000000" m_ty="1.000000"/>
  </frame>
  <frame idx="725" w="1080" h="1084" x="-86.004807" y="-89.500000">
   <element name="swap_miningfuelmeter_0" layername="timeline_0" frame="0" z_index="9" m_a="1.500000" m_b="0.000000" m_c="0.000000" m_d="1.500000" m_tx="1.000000" m_ty="1.000000"/>
  </frame>
  <frame idx="750" w="1080" h="1084" x="-86.004807" y="-89.500000">
   <element name="swap_miningfuelmeter_0" layername="timeline_0" frame="0" z_index="9" m_a="1.500000" m_b="0.000000" m_c="0.000000" m_d="1.500000" m_tx="1.000000" m_ty="1.000000"/>
  </frame>
  <frame idx="775" w="1080" h="1084" x="-86.004807" y="-89.500000">
   <element name="swap_miningfuelmeter_0" layername="timeline_0" frame="0" z_index="9" m_a="1.500000" m_b="0.000000" m_c="0.000000" m_d="1.500000" m_tx="1.000000" m_ty="1.000000"/>
  </frame>
  <frame idx="800" w="1080" h="1084" x="-86.004807" y="-89.500000">
   <element name="swap_miningfuelmeter_0" layername="timeline_0" frame="0" z_index="9" m_a="1.500000" m_b="0.000000" m_c="0.000000" m_d="1.500000" m_tx="1.000000" m_ty="1.000000"/>
  </frame>
  <frame idx="825" w="1080" h="1084" x="-86.004807" y="-89.500000">
   <element name="swap_miningfuelmeter_0" layername="timeline_0" frame="0" z_index="9" m_a="1.500000" m_b="0.000000" m_c="0.000000" m_d="1.500000" m_tx="1.000000" m_ty="1.000000"/>
  </frame>
  <frame idx="850" w="1080" h="1084" x="-86.004807" y="-89.500000">
   <element name="swap_miningfuelmeter_0" layername="timeline_0" frame="0" z_index="9" m_a="1.500000" m_b="0.000000" m_c="0.000000" m_d="1.500000" m_tx="1.000000" m_ty="1.000000"/>
  </frame>
  <frame idx="875" w="1080" h="1084" x="-86.004807" y="-89.500000">
   <element name="swap_miningfuelmeter_0" layername="timeline_0" frame="0" z_index="9" m_a="1.500000" m_b="0.000000" m_c="0.000000" m_d="1.500000" m_tx="1.000000" m_ty="1.000000"/>
  </frame>
  <frame idx="900" w="1080" h="1084" x="-86.004807" y="-89.500000">
   <element name="swap_miningfuelmeter_0" layername="timeline_0" frame="0" z_index="9" m_a="1.500000" m_b="0.000000" m_c="0.000000" m_d="1.500000" m_tx="1.000000" m_ty="1.000000"/>
  </frame>
  <frame idx="925" w="1080" h="1084" x="-86.004807" y="-89.500000">
   <element name="swap_miningfuelmeter_0" layername="timeline_0" frame="0" z_index="9" m_a="1.500000" m_b="0.000000" m_c="0.000000" m_d="1.500000" m_tx="1.000000" m_ty="1.000000"/>
  </frame>
  <frame idx="950" w="1080" h="1084" x="-86.004807" y="-89.500000">
   <element name="swap_miningfuelmeter_0" layername="timeline_0" frame="0" z_index="9" m_a="1.500000" m_b="0.000000" m_c="0.000000" m_d="1.500000" m_tx="1.000000" m_ty="1.000000"/>
  </frame>
  <frame idx="975" w="1080" h="1084" x="-86.004807" y="-89.500000">
   <element name="swap_miningfuelmeter_0" layername="timeline_0" frame="0" z_index="9" m_a="1.500000" m_b="0.000000" m_c="0.000000" m_d="1.500000" m_tx="1.000000" m_ty="1.000000"/>
  </frame>
 </anim>
 <anim name="BUILD" root="swap_miningfuelmeter_1" numframes="1000" framerate="40">
  <frame idx="0" w="1080" h="1085" x="-85.880569" y="-89.500000">
   <element name="swap_miningfuelmeter_1" layername="timeline_0" frame="0" z_index="9" m_a="1.500000" m_b="0.000000" m_c="0.000000" m_d="1.500000" m_tx="1.000000" m_ty="1.000000"/>
  </frame>
  <frame idx="25" w="1080" h="1085" x="-85.880569" y="-89.500000">
   <element name="swap_miningfuelmeter_1" layername="timeline_0" frame="0" z_index="9" m_a="1.500000" m_b="0.000000" m_c="0.000000" m_d="1.500000" m_tx="1.000000" m_ty="1.000000"/>
  </frame>
  <frame idx="50" w="1080" h="1085" x="-85.880569" y="-89.500000">
   <element name="swap_miningfuelmeter_1" layername="timeline_0" frame="0" z_index="9" m_a="1.500000" m_b="0.000000" m_c="0.000000" m_d="1.500000" m_tx="1.000000" m_ty="1.000000"/>
  </frame>
  <frame idx="75" w="1080" h="1085" x="-85.880569" y="-89.500000">
   <element name="swap_miningfuelmeter_1" layername="timeline_0" frame="0" z_index="9" m_a="1.500000" m_b="0.000000" m_c="0.000000" m_d="1.500000" m_tx="1.000000" m_ty="1.000000"/>
  </frame>
  <frame idx="100" w="1080" h="1085" x="-85.880569" y="-89.500000">
   <element name="swap_miningfuelmeter_1" layername="timeline_0" frame="0" z_index="9" m_a="1.500000" m_b="0.000000" m_c="0.000000" m_d="1.500000" m_tx="1.000000" m_ty="1.000000"/>
  </frame>
  <frame idx="125" w="1080" h="1085" x="-85.880569" y="-89.500000">
   <element name="swap_miningfuelmeter_1" layername="timeline_0" frame="0" z_index="9" m_a="1.500000" m_b="0.000000" m_c="0.000000" m_d="1.500000" m_tx="1.000000" m_ty="1.000000"/>
  </frame>
  <frame idx="150" w="1080" h="1085" x="-85.880569" y="-89.500000">
   <element name="swap_miningfuelmeter_1" layername="timeline_0" frame="0" z_index="9" m_a="1.500000" m_b="0.000000" m_c="0.000000" m_d="1.500000" m_tx="1.000000" m_ty="1.000000"/>
  </frame>
  <frame idx="175" w="1080" h="1085" x="-85.880569" y="-89.500000">
   <element name="swap_miningfuelmeter_1" layername="timeline_0" frame="0" z_index="9" m_a="1.500000" m_b="0.000000" m_c="0.000000" m_d="1.500000" m_tx="1.000000" m_ty="1.000000"/>
  </frame>
  <frame idx="200" w="1080" h="1085" x="-85.880569" y="-89.500000">
   <element name="swap_miningfuelmeter_1" layername="timeline_0" frame="0" z_index="9" m_a="1.500000" m_b="0.000000" m_c="0.000000" m_d="1.500000" m_tx="1.000000" m_ty="1.000000"/>
  </frame>
  <frame idx="225" w="1080" h="1085" x="-85.880569" y="-89.500000">
   <element name="swap_miningfuelmeter_1" layername="timeline_0" frame="0" z_index="9" m_a="1.500000" m_b="0.000000" m_c="0.000000" m_d="1.500000" m_tx="1.000000" m_ty="1.000000"/>
  </frame>
  <frame idx="250" w="1080" h="1085" x="-85.880569" y="-89.500000">
   <element name="swap_miningfuelmeter_1" layername="timeline_0" frame="0" z_index="9" m_a="1.500000" m_b="0.000000" m_c="0.000000" m_d="1.500000" m_tx="1.000000" m_ty="1.000000"/>
  </frame>
  <frame idx="275" w="1080" h="1085" x="-85.880569" y="-89.500000">
   <element name="swap_miningfuelmeter_1" layername="timeline_0" frame="0" z_index="9" m_a="1.500000" m_b="0.000000" m_c="0.000000" m_d="1.500000" m_tx="1.000000" m_ty="1.000000"/>
  </frame>
  <frame idx="300" w="1080" h="1085" x="-85.880569" y="-89.500000">
   <element name="swap_miningfuelmeter_1" layername="timeline_0" frame="0" z_index="9" m_a="1.500000" m_b="0.000000" m_c="0.000000" m_d="1.500000" m_tx="1.000000" m_ty="1.000000"/>
  </frame>
  <frame idx="325" w="1080" h="1085" x="-85.880569" y="-89.500000">
   <element name="swap_miningfuelmeter_1" layername="timeline_0" frame="0" z_index="9" m_a="1.500000" m_b="0.000000" m_c="0.000000" m_d="1.500000" m_tx="1.000000" m_ty="1.000000"/>
  </frame>
  <frame idx="350" w="1080" h="1085" x="-85.880569" y="-89.500000">
   <element name="swap_miningfuelmeter_1" layername="timeline_0" frame="0" z_index="9" m_a="1.500000" m_b="0.000000" m_c="0.000000" m_d="1.500000" m_tx="1.000000" m_ty="1.000000"/>
  </frame>
  <frame idx="375" w="1080" h="1085" x="-85.880569" y="-89.500000">
   <element name="swap_miningfuelmeter_1" layername="timeline_0" frame="0" z_index="9" m_a="1.500000" m_b="0.000000" m_c="0.000000" m_d="1.500000" m_tx="1.000000" m_ty="1.000000"/>
  </frame>
  <frame idx="400" w="1080" h="1085" x="-85.880569" y="-89.500000">
   <element name="swap_miningfuelmeter_1" layername="timeline_0" frame="0" z_index="9" m_a="1.500000" m_b="0.000000" m_c="0.000000" m_d="1.500000" m_tx="1.000000" m_ty="1.000000"/>
  </frame>
  <frame idx="425" w="1080" h="1085" x="-85.880569" y="-89.500000">
   <element name="swap_miningfuelmeter_1" layername="timeline_0" frame="0" z_index="9" m_a="1.500000" m_b="0.000000" m_c="0.000000" m_d="1.500000" m_tx="1.000000" m_ty="1.000000"/>
  </frame>
  <frame idx="450" w="1080" h="1085" x="-85.880569" y="-89.500000">
   <element name="swap_miningfuelmeter_1" layername="timeline_0" frame="0" z_index="9" m_a="1.500000" m_b="0.000000" m_c="0.000000" m_d="1.500000" m_tx="1.000000" m_ty="1.000000"/>
  </frame>
  <frame idx="475" w="1080" h="1085" x="-85.880569" y="-89.500000">
   <element name="swap_miningfuelmeter_1" layername="timeline_0" frame="0" z_index="9" m_a="1.500000" m_b="0.000000" m_c="0.000000" m_d="1.500000" m_tx="1.000000" m_ty="1.000000"/>
  </frame>
  <frame idx="500" w="1080" h="1085" x="-85.880569" y="-89.500000">
   <element name="swap_miningfuelmeter_1" layername="timeline_0" frame="0" z_index="9" m_a="1.500000" m_b="0.000000" m_c="0.000000" m_d="1.500000" m_tx="1.000000" m_ty="1.000000"/>
  </frame>
  <frame idx="525" w="1080" h="1085" x="-85.880569" y="-89.500000">
   <element name="swap_miningfuelmeter_1" layername="timeline_0" frame="0" z_index="9" m_a="1.500000" m_b="0.000000" m_c="0.000000" m_d="1.500000" m_tx="1.000000" m_ty="1.000000"/>
  </frame>
  <frame idx="550" w="1080" h="1085" x="-85.880569" y="-89.500000">
   <element name="swap_miningfuelmeter_1" layername="timeline_0" frame="0" z_index="9" m_a="1.500000" m_b="0.000000" m_c="0.000000" m_d="1.500000" m_tx="1.000000" m_ty="1.000000"/>
  </frame>
  <frame idx="575" w="1080" h="1085" x="-85.880569" y="-89.500000">
   <element name="swap_miningfuelmeter_1" layername="timeline_0" frame="0" z_index="9" m_a="1.500000" m_b="0.000000" m_c="0.000000" m_d="1.500000" m_tx="1.000000" m_ty="1.000000"/>
  </frame>
  <frame idx="600" w="1080" h="1085" x="-85.880569" y="-89.500000">
   <element name="swap_miningfuelmeter_1" layername="timeline_0" frame="0" z_index="9" m_a="1.500000" m_b="0.000000" m_c="0.000000" m_d="1.500000" m_tx="1.000000" m_ty="1.000000"/>
  </frame>
  <frame idx="625" w="1080" h="1085" x="-85.880569" y="-89.500000">
   <element name="swap_miningfuelmeter_1" layername="timeline_0" frame="0" z_index="9" m_a="1.500000" m_b="0.000000" m_c="0.000000" m_d="1.500000" m_tx="1.000000" m_ty="1.000000"/>
  </frame>
  <frame idx="650" w="1080" h="1085" x="-85.880569" y="-89.500000">
   <element name="swap_miningfuelmeter_1" layername="timeline_0" frame="0" z_index="9" m_a="1.500000" m_b="0.000000" m_c="0.000000" m_d="1.500000" m_tx="1.000000" m_ty="1.000000"/>
  </frame>
  <frame idx="675" w="1080" h="1085" x="-85.880569" y="-89.500000">
   <element name="swap_miningfuelmeter_1" layername="timeline_0" frame="0" z_index="9" m_a="1.500000" m_b="0.000000" m_c="0.000000" m_d="1.500000" m_tx="1.000000" m_ty="1.000000"/>
  </frame>
  <frame idx="700" w="1080" h="1085" x="-85.880569" y="-89.500000">
   <element name="swap_miningfuelmeter_1" layername="timeline_0" frame="0" z_index="9" m_a="1.500000" m_b="0.000000" m_c="0.000000" m_d="1.500000" m_tx="1.000000" m_ty="1.000000"/>
  </frame>
  <frame idx="725" w="1080" h="1085" x="-85.880569" y="-89.500000">
   <element name="swap_miningfuelmeter_1" layername="timeline_0" frame="0" z_index="9" m_a="1.500000" m_b="0.000000" m_c="0.000000" m_d="1.500000" m_tx="1.000000" m_ty="1.000000"/>
  </frame>
  <frame idx="750" w="1080" h="1085" x="-85.880569" y="-89.500000">
   <element name="swap_miningfuelmeter_1" layername="timeline_0" frame="0" z_index="9" m_a="1.500000" m_b="0.000000" m_c="0.000000" m_d="1.500000" m_tx="1.000000" m_ty="1.000000"/>
  </frame>
  <frame idx="775" w="1080" h="1085" x="-85.880569" y="-89.500000">
   <element name="swap_miningfuelmeter_1" layername="timeline_0" frame="0" z_index="9" m_a="1.500000" m_b="0.000000" m_c="0.000000" m_d="1.500000" m_tx="1.000000" m_ty="1.000000"/>
  </frame>
  <frame idx="800" w="1080" h="1085" x="-85.880569" y="-89.500000">
   <element name="swap_miningfuelmeter_1" layername="timeline_0" frame="0" z_index="9" m_a="1.500000" m_b="0.000000" m_c="0.000000" m_d="1.500000" m_tx="1.000000" m_ty="1.000000"/>
  </frame>
  <frame idx="825" w="1080" h="1085" x="-85.880569" y="-89.500000">
   <element name="swap_miningfuelmeter_1" layername="timeline_0" frame="0" z_index="9" m_a="1.500000" m_b="0.000000" m_c="0.000000" m_d="1.500000" m_tx="1.000000" m_ty="1.000000"/>
  </frame>
  <frame idx="850" w="1080" h="1085" x="-85.880569" y="-89.500000">
   <element name="swap_miningfuelmeter_1" layername="timeline_0" frame="0" z_index="9" m_a="1.500000" m_b="0.000000" m_c="0.000000" m_d="1.500000" m_tx="1.000000" m_ty="1.000000"/>
  </frame>
  <frame idx="875" w="1080" h="1085" x="-85.880569" y="-89.500000">
   <element name="swap_miningfuelmeter_1" layername="timeline_0" frame="0" z_index="9" m_a="1.500000" m_b="0.000000" m_c="0.000000" m_d="1.500000" m_tx="1.000000" m_ty="1.000000"/>
  </frame>
  <frame idx="900" w="1080" h="1085" x="-85.880569" y="-89.500000">
   <element name="swap_miningfuelmeter_1" layername="timeline_0" frame="0" z_index="9" m_a="1.500000" m_b="0.000000" m_c="0.000000" m_d="1.500000" m_tx="1.000000" m_ty="1.000000"/>
  </frame>
  <frame idx="925" w="1080" h="1085" x="-85.880569" y="-89.500000">
   <element name="swap_miningfuelmeter_1" layername="timeline_0" frame="0" z_index="9" m_a="1.500000" m_b="0.000000" m_c="0.000000" m_d="1.500000" m_tx="1.000000" m_ty="1.000000"/>
  </frame>
  <frame idx="950" w="1080" h="1085" x="-85.880569" y="-89.500000">
   <element name="swap_miningfuelmeter_1" layername="timeline_0" frame="0" z_index="9" m_a="1.500000" m_b="0.000000" m_c="0.000000" m_d="1.500000" m_tx="1.000000" m_ty="1.000000"/>
  </frame>
  <frame idx="975" w="1080" h="1085" x="-85.880569" y="-89.500000">
   <element name="swap_miningfuelmeter_1" layername="timeline_0" frame="0" z_index="9" m_a="1.500000" m_b="0.000000" m_c="0.000000" m_d="1.500000" m_tx="1.000000" m_ty="1.000000"/>
  </frame>
 </anim>
 <anim name="BUILD" root="swap_miningfuelmeter_2" numframes="1000" framerate="40">
  <frame idx="0" w="1080" h="1085" x="-85.921997" y="-89.541428">
   <element name="swap_miningfuelmeter_2" layername="timeline_0" frame="0" z_index="9" m_a="1.500000" m_b="0.000000" m_c="0.000000" m_d="1.500000" m_tx="1.000000" m_ty="1.000000"/>
  </frame>
  <frame idx="25" w="1080" h="1085" x="-85.921997" y="-89.541428">
   <element name="swap_miningfuelmeter_2" layername="timeline_0" frame="0" z_index="9" m_a="1.500000" m_b="0.000000" m_c="0.000000" m_d="1.500000" m_tx="1.000000" m_ty="1.000000"/>
  </frame>
  <frame idx="50" w="1080" h="1085" x="-85.921997" y="-89.541428">
   <element name="swap_miningfuelmeter_2" layername="timeline_0" frame="0" z_index="9" m_a="1.500000" m_b="0.000000" m_c="0.000000" m_d="1.500000" m_tx="1.000000" m_ty="1.000000"/>
  </frame>
  <frame idx="75" w="1080" h="1085" x="-85.921997" y="-89.541428">
   <element name="swap_miningfuelmeter_2" layername="timeline_0" frame="0" z_index="9" m_a="1.500000" m_b="0.000000" m_c="0.000000" m_d="1.500000" m_tx="1.000000" m_ty="1.000000"/>
  </frame>
  <frame idx="100" w="1080" h="1085" x="-85.921997" y="-89.541428">
   <element name="swap_miningfuelmeter_2" layername="timeline_0" frame="0" z_index="9" m_a="1.500000" m_b="0.000000" m_c="0.000000" m_d="1.500000" m_tx="1.000000" m_ty="1.000000"/>
  </frame>
  <frame idx="125" w="1080" h="1085" x="-85.921997" y="-89.541428">
   <element name="swap_miningfuelmeter_2" layername="timeline_0" frame="0" z_index="9" m_a="1.500000" m_b="0.000000" m_c="0.000000" m_d="1.500000" m_tx="1.000000" m_ty="1.000000"/>
  </frame>
  <frame idx="150" w="1080" h="1085" x="-85.921997" y="-89.541428">
   <element name="swap_miningfuelmeter_2" layername="timeline_0" frame="0" z_index="9" m_a="1.500000" m_b="0.000000" m_c="0.000000" m_d="1.500000" m_tx="1.000000" m_ty="1.000000"/>
  </frame>
  <frame idx="175" w="1080" h="1085" x="-85.921997" y="-89.541428">
   <element name="swap_miningfuelmeter_2" layername="timeline_0" frame="0" z_index="9" m_a="1.500000" m_b="0.000000" m_c="0.000000" m_d="1.500000" m_tx="1.000000" m_ty="1.000000"/>
  </frame>
  <frame idx="200" w="1080" h="1085" x="-85.921997" y="-89.541428">
   <element name="swap_miningfuelmeter_2" layername="timeline_0" frame="0" z_index="9" m_a="1.500000" m_b="0.000000" m_c="0.000000" m_d="1.500000" m_tx="1.000000" m_ty="1.000000"/>
  </frame>
  <frame idx="225" w="1080" h="1085" x="-85.921997" y="-89.541428">
   <element name="swap_miningfuelmeter_2" layername="timeline_0" frame="0" z_index="9" m_a="1.500000" m_b="0.000000" m_c="0.000000" m_d="1.500000" m_tx="1.000000" m_ty="1.000000"/>
  </frame>
  <frame idx="250" w="1080" h="1085" x="-85.921997" y="-89.541428">
   <element name="swap_miningfuelmeter_2" layername="timeline_0" frame="0" z_index="9" m_a="1.500000" m_b="0.000000" m_c="0.000000" m_d="1.500000" m_tx="1.000000" m_ty="1.000000"/>
  </frame>
  <frame idx="275" w="1080" h="1085" x="-85.921997" y="-89.541428">
   <element name="swap_miningfuelmeter_2" layername="timeline_0" frame="0" z_index="9" m_a="1.500000" m_b="0.000000" m_c="0.000000" m_d="1.500000" m_tx="1.000000" m_ty="1.000000"/>
  </frame>
  <frame idx="300" w="1080" h="1085" x="-85.921997" y="-89.541428">
   <element name="swap_miningfuelmeter_2" layername="timeline_0" frame="0" z_index="9" m_a="1.500000" m_b="0.000000" m_c="0.000000" m_d="1.500000" m_tx="1.000000" m_ty="1.000000"/>
  </frame>
  <frame idx="325" w="1080" h="1085" x="-85.921997" y="-89.541428">
   <element name="swap_miningfuelmeter_2" layername="timeline_0" frame="0" z_index="9" m_a="1.500000" m_b="0.000000" m_c="0.000000" m_d="1.500000" m_tx="1.000000" m_ty="1.000000"/>
  </frame>
  <frame idx="350" w="1080" h="1085" x="-85.921997" y="-89.541428">
   <element name="swap_miningfuelmeter_2" layername="timeline_0" frame="0" z_index="9" m_a="1.500000" m_b="0.000000" m_c="0.000000" m_d="1.500000" m_tx="1.000000" m_ty="1.000000"/>
  </frame>
  <frame idx="375" w="1080" h="1085" x="-85.921997" y="-89.541428">
   <element name="swap_miningfuelmeter_2" layername="timeline_0" frame="0" z_index="9" m_a="1.500000" m_b="0.000000" m_c="0.000000" m_d="1.500000" m_tx="1.000000" m_ty="1.000000"/>
  </frame>
  <frame idx="400" w="1080" h="1085" x="-85.921997" y="-89.541428">
   <element name="swap_miningfuelmeter_2" layername="timeline_0" frame="0" z_index="9" m_a="1.500000" m_b="0.000000" m_c="0.000000" m_d="1.500000" m_tx="1.000000" m_ty="1.000000"/>
  </frame>
  <frame idx="425" w="1080" h="1085" x="-85.921997" y="-89.541428">
   <element name="swap_miningfuelmeter_2" layername="timeline_0" frame="0" z_index="9" m_a="1.500000" m_b="0.000000" m_c="0.000000" m_d="1.500000" m_tx="1.000000" m_ty="1.000000"/>
  </frame>
  <frame idx="450" w="1080" h="1085" x="-85.921997" y="-89.541428">
   <element name="swap_miningfuelmeter_2" layername="timeline_0" frame="0" z_index="9" m_a="1.500000" m_b="0.000000" m_c="0.000000" m_d="1.500000" m_tx="1.000000" m_ty="1.000000"/>
  </frame>
  <frame idx="475" w="1080" h="1085" x="-85.921997" y="-89.541428">
   <element name="swap_miningfuelmeter_2" layername="timeline_0" frame="0" z_index="9" m_a="1.500000" m_b="0.000000" m_c="0.000000" m_d="1.500000" m_tx="1.000000" m_ty="1.000000"/>
  </frame>
  <frame idx="500" w="1080" h="1085" x="-85.921997" y="-89.541428">
   <element name="swap_miningfuelmeter_2" layername="timeline_0" frame="0" z_index="9" m_a="1.500000" m_b="0.000000" m_c="0.000000" m_d="1.500000" m_tx="1.000000" m_ty="1.000000"/>
  </frame>
  <frame idx="525" w="1080" h="1085" x="-85.921997" y="-89.541428">
   <element name="swap_miningfuelmeter_2" layername="timeline_0" frame="0" z_index="9" m_a="1.500000" m_b="0.000000" m_c="0.000000" m_d="1.500000" m_tx="1.000000" m_ty="1.000000"/>
  </frame>
  <frame idx="550" w="1080" h="1085" x="-85.921997" y="-89.541428">
   <element name="swap_miningfuelmeter_2" layername="timeline_0" frame="0" z_index="9" m_a="1.500000" m_b="0.000000" m_c="0.000000" m_d="1.500000" m_tx="1.000000" m_ty="1.000000"/>
  </frame>
  <frame idx="575" w="1080" h="1085" x="-85.921997" y="-89.541428">
   <element name="swap_miningfuelmeter_2" layername="timeline_0" frame="0" z_index="9" m_a="1.500000" m_b="0.000000" m_c="0.000000" m_d="1.500000" m_tx="1.000000" m_ty="1.000000"/>
  </frame>
  <frame idx="600" w="1080" h="1085" x="-85.921997" y="-89.541428">
   <element name="swap_miningfuelmeter_2" layername="timeline_0" frame="0" z_index="9" m_a="1.500000" m_b="0.000000" m_c="0.000000" m_d="1.500000" m_tx="1.000000" m_ty="1.000000"/>
  </frame>
  <frame idx="625" w="1080" h="1085" x="-85.921997" y="-89.541428">
   <element name="swap_miningfuelmeter_2" layername="timeline_0" frame="0" z_index="9" m_a="1.500000" m_b="0.000000" m_c="0.000000" m_d="1.500000" m_tx="1.000000" m_ty="1.000000"/>
  </frame>
  <frame idx="650" w="1080" h="1085" x="-85.921997" y="-89.541428">
   <element name="swap_miningfuelmeter_2" layername="timeline_0" frame="0" z_index="9" m_a="1.500000" m_b="0.000000" m_c="0.000000" m_d="1.500000" m_tx="1.000000" m_ty="1.000000"/>
  </frame>
  <frame idx="675" w="1080" h="1085" x="-85.921997" y="-89.541428">
   <element name="swap_miningfuelmeter_2" layername="timeline_0" frame="0" z_index="9" m_a="1.500000" m_b="0.000000" m_c="0.000000" m_d="1.500000" m_tx="1.000000" m_ty="1.000000"/>
  </frame>
  <frame idx="700" w="1080" h="1085" x="-85.921997" y="-89.541428">
   <element name="swap_miningfuelmeter_2" layername="timeline_0" frame="0" z_index="9" m_a="1.500000" m_b="0.000000" m_c="0.000000" m_d="1.500000" m_tx="1.000000" m_ty="1.000000"/>
  </frame>
  <frame idx="725" w="1080" h="1085" x="-85.921997" y="-89.541428">
   <element name="swap_miningfuelmeter_2" layername="timeline_0" frame="0" z_index="9" m_a="1.500000" m_b="0.000000" m_c="0.000000" m_d="1.500000" m_tx="1.000000" m_ty="1.000000"/>
  </frame>
  <frame idx="750" w="1080" h="1085" x="-85.921997" y="-89.541428">
   <element name="swap_miningfuelmeter_2" layername="timeline_0" frame="0" z_index="9" m_a="1.500000" m_b="0.000000" m_c="0.000000" m_d="1.500000" m_tx="1.000000" m_ty="1.000000"/>
  </frame>
  <frame idx="775" w="1080" h="1085" x="-85.921997" y="-89.541428">
   <element name="swap_miningfuelmeter_2" layername="timeline_0" frame="0" z_index="9" m_a="1.500000" m_b="0.000000" m_c="0.000000" m_d="1.500000" m_tx="1.000000" m_ty="1.000000"/>
  </frame>
  <frame idx="800" w="1080" h="1085" x="-85.921997" y="-89.541428">
   <element name="swap_miningfuelmeter_2" layername="timeline_0" frame="0" z_index="9" m_a="1.500000" m_b="0.000000" m_c="0.000000" m_d="1.500000" m_tx="1.000000" m_ty="1.000000"/>
  </frame>
  <frame idx="825" w="1080" h="1085" x="-85.921997" y="-89.541428">
   <element name="swap_miningfuelmeter_2" layername="timeline_0" frame="0" z_index="9" m_a="1.500000" m_b="0.000000" m_c="0.000000" m_d="1.500000" m_tx="1.000000" m_ty="1.000000"/>
  </frame>
  <frame idx="850" w="1080" h="1085" x="-85.921997" y="-89.541428">
   <element name="swap_miningfuelmeter_2" layername="timeline_0" frame="0" z_index="9" m_a="1.500000" m_b="0.000000" m_c="0.000000" m_d="1.500000" m_tx="1.000000" m_ty="1.000000"/>
  </frame>
  <frame idx="875" w="1080" h="1085" x="-85.921997" y="-89.541428">
   <element name="swap_miningfuelmeter_2" layername="timeline_0" frame="0" z_index="9" m_a="1.500000" m_b="0.000000" m_c="0.000000" m_d="1.500000" m_tx="1.000000" m_ty="1.000000"/>
  </frame>
  <frame idx="900" w="1080" h="1085" x="-85.921997" y="-89.541428">
   <element name="swap_miningfuelmeter_2" layername="timeline_0" frame="0" z_index="9" m_a="1.500000" m_b="0.000000" m_c="0.000000" m_d="1.500000" m_tx="1.000000" m_ty="1.000000"/>
  </frame>
  <frame idx="925" w="1080" h="1085" x="-85.921997" y="-89.541428">
   <element name="swap_miningfuelmeter_2" layername="timeline_0" frame="0" z_index="9" m_a="1.500000" m_b="0.000000" m_c="0.000000" m_d="1.500000" m_tx="1.000000" m_ty="1.000000"/>
  </frame>
  <frame idx="950" w="1080" h="1085" x="-85.921997" y="-89.541428">
   <element name="swap_miningfuelmeter_2" layername="timeline_0" frame="0" z_index="9" m_a="1.500000" m_b="0.000000" m_c="0.000000" m_d="1.500000" m_tx="1.000000" m_ty="1.000000"/>
  </frame>
  <frame idx="975" w="1080" h="1085" x="-85.921997" y="-89.541428">
   <element name="swap_miningfuelmeter_2" layername="timeline_0" frame="0" z_index="9" m_a="1.500000" m_b="0.000000" m_c="0.000000" m_d="1.500000" m_tx="1.000000" m_ty="1.000000"/>
  </frame>
 </anim>
 <anim name="BUILD" root="swap_miningfuelmeter_3" numframes="1000" framerate="40">
  <frame idx="0" w="1080" h="1085" x="-85.925613" y="-89.541428">
   <element name="swap_miningfuelmeter_3" layername="timeline_0" frame="0" z_index="9" m_a="1.500000" m_b="0.000000" m_c="0.000000" m_d="1.500000" m_tx="1.000000" m_ty="1.000000"/>
  </frame>
  <frame idx="25" w="1080" h="1085" x="-85.925613" y="-89.541428">
   <element name="swap_miningfuelmeter_3" layername="timeline_0" frame="0" z_index="9" m_a="1.500000" m_b="0.000000" m_c="0.000000" m_d="1.500000" m_tx="1.000000" m_ty="1.000000"/>
  </frame>
  <frame idx="50" w="1080" h="1085" x="-85.925613" y="-89.541428">
   <element name="swap_miningfuelmeter_3" layername="timeline_0" frame="0" z_index="9" m_a="1.500000" m_b="0.000000" m_c="0.000000" m_d="1.500000" m_tx="1.000000" m_ty="1.000000"/>
  </frame>
  <frame idx="75" w="1080" h="1085" x="-85.925613" y="-89.541428">
   <element name="swap_miningfuelmeter_3" layername="timeline_0" frame="0" z_index="9" m_a="1.500000" m_b="0.000000" m_c="0.000000" m_d="1.500000" m_tx="1.000000" m_ty="1.000000"/>
  </frame>
  <frame idx="100" w="1080" h="1085" x="-85.925613" y="-89.541428">
   <element name="swap_miningfuelmeter_3" layername="timeline_0" frame="0" z_index="9" m_a="1.500000" m_b="0.000000" m_c="0.000000" m_d="1.500000" m_tx="1.000000" m_ty="1.000000"/>
  </frame>
  <frame idx="125" w="1080" h="1085" x="-85.925613" y="-89.541428">
   <element name="swap_miningfuelmeter_3" layername="timeline_0" frame="0" z_index="9" m_a="1.500000" m_b="0.000000" m_c="0.000000" m_d="1.500000" m_tx="1.000000" m_ty="1.000000"/>
  </frame>
  <frame idx="150" w="1080" h="1085" x="-85.925613" y="-89.541428">
   <element name="swap_miningfuelmeter_3" layername="timeline_0" frame="0" z_index="9" m_a="1.500000" m_b="0.000000" m_c="0.000000" m_d="1.500000" m_tx="1.000000" m_ty="1.000000"/>
  </frame>
  <frame idx="175" w="1080" h="1085" x="-85.925613" y="-89.541428">
   <element name="swap_miningfuelmeter_3" layername="timeline_0" frame="0" z_index="9" m_a="1.500000" m_b="0.000000" m_c="0.000000" m_d="1.500000" m_tx="1.000000" m_ty="1.000000"/>
  </frame>
  <frame idx="200" w="1080" h="1085" x="-85.925613" y="-89.541428">
   <element name="swap_miningfuelmeter_3" layername="timeline_0" frame="0" z_index="9" m_a="1.500000" m_b="0.000000" m_c="0.000000" m_d="1.500000" m_tx="1.000000" m_ty="1.000000"/>
  </frame>
  <frame idx="225" w="1080" h="1085" x="-85.925613" y="-89.541428">
   <element name="swap_miningfuelmeter_3" layername="timeline_0" frame="0" z_index="9" m_a="1.500000" m_b="0.000000" m_c="0.000000" m_d="1.500000" m_tx="1.000000" m_ty="1.000000"/>
  </frame>
  <frame idx="250" w="1080" h="1085" x="-85.925613" y="-89.541428">
   <element name="swap_miningfuelmeter_3" layername="timeline_0" frame="0" z_index="9" m_a="1.500000" m_b="0.000000" m_c="0.000000" m_d="1.500000" m_tx="1.000000" m_ty="1.000000"/>
  </frame>
  <frame idx="275" w="1080" h="1085" x="-85.925613" y="-89.541428">
   <element name="swap_miningfuelmeter_3" layername="timeline_0" frame="0" z_index="9" m_a="1.500000" m_b="0.000000" m_c="0.000000" m_d="1.500000" m_tx="1.000000" m_ty="1.000000"/>
  </frame>
  <frame idx="300" w="1080" h="1085" x="-85.925613" y="-89.541428">
   <element name="swap_miningfuelmeter_3" layername="timeline_0" frame="0" z_index="9" m_a="1.500000" m_b="0.000000" m_c="0.000000" m_d="1.500000" m_tx="1.000000" m_ty="1.000000"/>
  </frame>
  <frame idx="325" w="1080" h="1085" x="-85.925613" y="-89.541428">
   <element name="swap_miningfuelmeter_3" layername="timeline_0" frame="0" z_index="9" m_a="1.500000" m_b="0.000000" m_c="0.000000" m_d="1.500000" m_tx="1.000000" m_ty="1.000000"/>
  </frame>
  <frame idx="350" w="1080" h="1085" x="-85.925613" y="-89.541428">
   <element name="swap_miningfuelmeter_3" layername="timeline_0" frame="0" z_index="9" m_a="1.500000" m_b="0.000000" m_c="0.000000" m_d="1.500000" m_tx="1.000000" m_ty="1.000000"/>
  </frame>
  <frame idx="375" w="1080" h="1085" x="-85.925613" y="-89.541428">
   <element name="swap_miningfuelmeter_3" layername="timeline_0" frame="0" z_index="9" m_a="1.500000" m_b="0.000000" m_c="0.000000" m_d="1.500000" m_tx="1.000000" m_ty="1.000000"/>
  </frame>
  <frame idx="400" w="1080" h="1085" x="-85.925613" y="-89.541428">
   <element name="swap_miningfuelmeter_3" layername="timeline_0" frame="0" z_index="9" m_a="1.500000" m_b="0.000000" m_c="0.000000" m_d="1.500000" m_tx="1.000000" m_ty="1.000000"/>
  </frame>
  <frame idx="425" w="1080" h="1085" x="-85.925613" y="-89.541428">
   <element name="swap_miningfuelmeter_3" layername="timeline_0" frame="0" z_index="9" m_a="1.500000" m_b="0.000000" m_c="0.000000" m_d="1.500000" m_tx="1.000000" m_ty="1.000000"/>
  </frame>
  <frame idx="450" w="1080" h="1085" x="-85.925613" y="-89.541428">
   <element name="swap_miningfuelmeter_3" layername="timeline_0" frame="0" z_index="9" m_a="1.500000" m_b="0.000000" m_c="0.000000" m_d="1.500000" m_tx="1.000000" m_ty="1.000000"/>
  </frame>
  <frame idx="475" w="1080" h="1085" x="-85.925613" y="-89.541428">
   <element name="swap_miningfuelmeter_3" layername="timeline_0" frame="0" z_index="9" m_a="1.500000" m_b="0.000000" m_c="0.000000" m_d="1.500000" m_tx="1.000000" m_ty="1.000000"/>
  </frame>
  <frame idx="500" w="1080" h="1085" x="-85.925613" y="-89.541428">
   <element name="swap_miningfuelmeter_3" layername="timeline_0" frame="0" z_index="9" m_a="1.500000" m_b="0.000000" m_c="0.000000" m_d="1.500000" m_tx="1.000000" m_ty="1.000000"/>
  </frame>
  <frame idx="525" w="1080" h="1085" x="-85.925613" y="-89.541428">
   <element name="swap_miningfuelmeter_3" layername="timeline_0" frame="0" z_index="9" m_a="1.500000" m_b="0.000000" m_c="0.000000" m_d="1.500000" m_tx="1.000000" m_ty="1.000000"/>
  </frame>
  <frame idx="550" w="1080" h="1085" x="-85.925613" y="-89.541428">
   <element name="swap_miningfuelmeter_3" layername="timeline_0" frame="0" z_index="9" m_a="1.500000" m_b="0.000000" m_c="0.000000" m_d="1.500000" m_tx="1.000000" m_ty="1.000000"/>
  </frame>
  <frame idx="575" w="1080" h="1085" x="-85.925613" y="-89.541428">
   <element name="swap_miningfuelmeter_3" layername="timeline_0" frame="0" z_index="9" m_a="1.500000" m_b="0.000000" m_c="0.000000" m_d="1.500000" m_tx="1.000000" m_ty="1.000000"/>
  </frame>
  <frame idx="600" w="1080" h="1085" x="-85.925613" y="-89.541428">
   <element name="swap_miningfuelmeter_3" layername="timeline_0" frame="0" z_index="9" m_a="1.500000" m_b="0.000000" m_c="0.000000" m_d="1.500000" m_tx="1.000000" m_ty="1.000000"/>
  </frame>
  <frame idx="625" w="1080" h="1085" x="-85.925613" y="-89.541428">
   <element name="swap_miningfuelmeter_3" layername="timeline_0" frame="0" z_index="9" m_a="1.500000" m_b="0.000000" m_c="0.000000" m_d="1.500000" m_tx="1.000000" m_ty="1.000000"/>
  </frame>
  <frame idx="650" w="1080" h="1085" x="-85.925613" y="-89.541428">
   <element name="swap_miningfuelmeter_3" layername="timeline_0" frame="0" z_index="9" m_a="1.500000" m_b="0.000000" m_c="0.000000" m_d="1.500000" m_tx="1.000000" m_ty="1.000000"/>
  </frame>
  <frame idx="675" w="1080" h="1085" x="-85.925613" y="-89.541428">
   <element name="swap_miningfuelmeter_3" layername="timeline_0" frame="0" z_index="9" m_a="1.500000" m_b="0.000000" m_c="0.000000" m_d="1.500000" m_tx="1.000000" m_ty="1.000000"/>
  </frame>
  <frame idx="700" w="1080" h="1085" x="-85.925613" y="-89.541428">
   <element name="swap_miningfuelmeter_3" layername="timeline_0" frame="0" z_index="9" m_a="1.500000" m_b="0.000000" m_c="0.000000" m_d="1.500000" m_tx="1.000000" m_ty="1.000000"/>
  </frame>
  <frame idx="725" w="1080" h="1085" x="-85.925613" y="-89.541428">
   <element name="swap_miningfuelmeter_3" layername="timeline_0" frame="0" z_index="9" m_a="1.500000" m_b="0.000000" m_c="0.000000" m_d="1.500000" m_tx="1.000000" m_ty="1.000000"/>
  </frame>
  <frame idx="750" w="1080" h="1085" x="-85.925613" y="-89.541428">
   <element name="swap_miningfuelmeter_3" layername="timeline_0" frame="0" z_index="9" m_a="1.500000" m_b="0.000000" m_c="0.000000" m_d="1.500000" m_tx="1.000000" m_ty="1.000000"/>
  </frame>
  <frame idx="775" w="1080" h="1085" x="-85.925613" y="-89.541428">
   <element name="swap_miningfuelmeter_3" layername="timeline_0" frame="0" z_index="9" m_a="1.500000" m_b="0.000000" m_c="0.000000" m_d="1.500000" m_tx="1.000000" m_ty="1.000000"/>
  </frame>
  <frame idx="800" w="1080" h="1085" x="-85.925613" y="-89.541428">
   <element name="swap_miningfuelmeter_3" layername="timeline_0" frame="0" z_index="9" m_a="1.500000" m_b="0.000000" m_c="0.000000" m_d="1.500000" m_tx="1.000000" m_ty="1.000000"/>
  </frame>
  <frame idx="825" w="1080" h="1085" x="-85.925613" y="-89.541428">
   <element name="swap_miningfuelmeter_3" layername="timeline_0" frame="0" z_index="9" m_a="1.500000" m_b="0.000000" m_c="0.000000" m_d="1.500000" m_tx="1.000000" m_ty="1.000000"/>
  </frame>
  <frame idx="850" w="1080" h="1085" x="-85.925613" y="-89.541428">
   <element name="swap_miningfuelmeter_3" layername="timeline_0" frame="0" z_index="9" m_a="1.500000" m_b="0.000000" m_c="0.000000" m_d="1.500000" m_tx="1.000000" m_ty="1.000000"/>
  </frame>
  <frame idx="875" w="1080" h="1085" x="-85.925613" y="-89.541428">
   <element name="swap_miningfuelmeter_3" layername="timeline_0" frame="0" z_index="9" m_a="1.500000" m_b="0.000000" m_c="0.000000" m_d="1.500000" m_tx="1.000000" m_ty="1.000000"/>
  </frame>
  <frame idx="900" w="1080" h="1085" x="-85.925613" y="-89.541428">
   <element name="swap_miningfuelmeter_3" layername="timeline_0" frame="0" z_index="9" m_a="1.500000" m_b="0.000000" m_c="0.000000" m_d="1.500000" m_tx="1.000000" m_ty="1.000000"/>
  </frame>
  <frame idx="925" w="1080" h="1085" x="-85.925613" y="-89.541428">
   <element name="swap_miningfuelmeter_3" layername="timeline_0" frame="0" z_index="9" m_a="1.500000" m_b="0.000000" m_c="0.000000" m_d="1.500000" m_tx="1.000000" m_ty="1.000000"/>
  </frame>
  <frame idx="950" w="1080" h="1085" x="-85.925613" y="-89.541428">
   <element name="swap_miningfuelmeter_3" layername="timeline_0" frame="0" z_index="9" m_a="1.500000" m_b="0.000000" m_c="0.000000" m_d="1.500000" m_tx="1.000000" m_ty="1.000000"/>
  </frame>
  <frame idx="975" w="1080" h="1085" x="-85.925613" y="-89.541428">
   <element name="swap_miningfuelmeter_3" layername="timeline_0" frame="0" z_index="9" m_a="1.500000" m_b="0.000000" m_c="0.000000" m_d="1.500000" m_tx="1.000000" m_ty="1.000000"/>
  </frame>
 </anim>
 <anim name="BUILD" root="swap_miningfuelmeter_4" numframes="1000" framerate="40">
  <frame idx="0" w="1080" h="1085" x="-85.973267" y="-89.582809">
   <element name="swap_miningfuelmeter_4" layername="timeline_0" frame="0" z_index="9" m_a="1.500000" m_b="0.000000" m_c="0.000000" m_d="1.500000" m_tx="1.000000" m_ty="1.000000"/>
  </frame>
  <frame idx="25" w="1080" h="1085" x="-85.973267" y="-89.582809">
   <element name="swap_miningfuelmeter_4" layername="timeline_0" frame="0" z_index="9" m_a="1.500000" m_b="0.000000" m_c="0.000000" m_d="1.500000" m_tx="1.000000" m_ty="1.000000"/>
  </frame>
  <frame idx="50" w="1080" h="1085" x="-85.973267" y="-89.582809">
   <element name="swap_miningfuelmeter_4" layername="timeline_0" frame="0" z_index="9" m_a="1.500000" m_b="0.000000" m_c="0.000000" m_d="1.500000" m_tx="1.000000" m_ty="1.000000"/>
  </frame>
  <frame idx="75" w="1080" h="1085" x="-85.973267" y="-89.582809">
   <element name="swap_miningfuelmeter_4" layername="timeline_0" frame="0" z_index="9" m_a="1.500000" m_b="0.000000" m_c="0.000000" m_d="1.500000" m_tx="1.000000" m_ty="1.000000"/>
  </frame>
  <frame idx="100" w="1080" h="1085" x="-85.973267" y="-89.582809">
   <element name="swap_miningfuelmeter_4" layername="timeline_0" frame="0" z_index="9" m_a="1.500000" m_b="0.000000" m_c="0.000000" m_d="1.500000" m_tx="1.000000" m_ty="1.000000"/>
  </frame>
  <frame idx="125" w="1080" h="1085" x="-85.973267" y="-89.582809">
   <element name="swap_miningfuelmeter_4" layername="timeline_0" frame="0" z_index="9" m_a="1.500000" m_b="0.000000" m_c="0.000000" m_d="1.500000" m_tx="1.000000" m_ty="1.000000"/>
  </frame>
  <frame idx="150" w="1080" h="1085" x="-85.973267" y="-89.582809">
   <element name="swap_miningfuelmeter_4" layername="timeline_0" frame="0" z_index="9" m_a="1.500000" m_b="0.000000" m_c="0.000000" m_d="1.500000" m_tx="1.000000" m_ty="1.000000"/>
  </frame>
  <frame idx="175" w="1080" h="1085" x="-85.973267" y="-89.582809">
   <element name="swap_miningfuelmeter_4" layername="timeline_0" frame="0" z_index="9" m_a="1.500000" m_b="0.000000" m_c="0.000000" m_d="1.500000" m_tx="1.000000" m_ty="1.000000"/>
  </frame>
  <frame idx="200" w="1080" h="1085" x="-85.973267" y="-89.582809">
   <element name="swap_miningfuelmeter_4" layername="timeline_0" frame="0" z_index="9" m_a="1.500000" m_b="0.000000" m_c="0.000000" m_d="1.500000" m_tx="1.000000" m_ty="1.000000"/>
  </frame>
  <frame idx="225" w="1080" h="1085" x="-85.973267" y="-89.582809">
   <element name="swap_miningfuelmeter_4" layername="timeline_0" frame="0" z_index="9" m_a="1.500000" m_b="0.000000" m_c="0.000000" m_d="1.500000" m_tx="1.000000" m_ty="1.000000"/>
  </frame>
  <frame idx="250" w="1080" h="1085" x="-85.973267" y="-89.582809">
   <element name="swap_miningfuelmeter_4" layername="timeline_0" frame="0" z_index="9" m_a="1.500000" m_b="0.000000" m_c="0.000000" m_d="1.500000" m_tx="1.000000" m_ty="1.000000"/>
  </frame>
  <frame idx="275" w="1080" h="1085" x="-85.973267" y="-89.582809">
   <element name="swap_miningfuelmeter_4" layername="timeline_0" frame="0" z_index="9" m_a="1.500000" m_b="0.000000" m_c="0.000000" m_d="1.500000" m_tx="1.000000" m_ty="1.000000"/>
  </frame>
  <frame idx="300" w="1080" h="1085" x="-85.973267" y="-89.582809">
   <element name="swap_miningfuelmeter_4" layername="timeline_0" frame="0" z_index="9" m_a="1.500000" m_b="0.000000" m_c="0.000000" m_d="1.500000" m_tx="1.000000" m_ty="1.000000"/>
  </frame>
  <frame idx="325" w="1080" h="1085" x="-85.973267" y="-89.582809">
   <element name="swap_miningfuelmeter_4" layername="timeline_0" frame="0" z_index="9" m_a="1.500000" m_b="0.000000" m_c="0.000000" m_d="1.500000" m_tx="1.000000" m_ty="1.000000"/>
  </frame>
  <frame idx="350" w="1080" h="1085" x="-85.973267" y="-89.582809">
   <element name="swap_miningfuelmeter_4" layername="timeline_0" frame="0" z_index="9" m_a="1.500000" m_b="0.000000" m_c="0.000000" m_d="1.500000" m_tx="1.000000" m_ty="1.000000"/>
  </frame>
  <frame idx="375" w="1080" h="1085" x="-85.973267" y="-89.582809">
   <element name="swap_miningfuelmeter_4" layername="timeline_0" frame="0" z_index="9" m_a="1.500000" m_b="0.000000" m_c="0.000000" m_d="1.500000" m_tx="1.000000" m_ty="1.000000"/>
  </frame>
  <frame idx="400" w="1080" h="1085" x="-85.973267" y="-89.582809">
   <element name="swap_miningfuelmeter_4" layername="timeline_0" frame="0" z_index="9" m_a="1.500000" m_b="0.000000" m_c="0.000000" m_d="1.500000" m_tx="1.000000" m_ty="1.000000"/>
  </frame>
  <frame idx="425" w="1080" h="1085" x="-85.973267" y="-89.582809">
   <element name="swap_miningfuelmeter_4" layername="timeline_0" frame="0" z_index="9" m_a="1.500000" m_b="0.000000" m_c="0.000000" m_d="1.500000" m_tx="1.000000" m_ty="1.000000"/>
  </frame>
  <frame idx="450" w="1080" h="1085" x="-85.973267" y="-89.582809">
   <element name="swap_miningfuelmeter_4" layername="timeline_0" frame="0" z_index="9" m_a="1.500000" m_b="0.000000" m_c="0.000000" m_d="1.500000" m_tx="1.000000" m_ty="1.000000"/>
  </frame>
  <frame idx="475" w="1080" h="1085" x="-85.973267" y="-89.582809">
   <element name="swap_miningfuelmeter_4" layername="timeline_0" frame="0" z_index="9" m_a="1.500000" m_b="0.000000" m_c="0.000000" m_d="1.500000" m_tx="1.000000" m_ty="1.000000"/>
  </frame>
  <frame idx="500" w="1080" h="1085" x="-85.973267" y="-89.582809">
   <element name="swap_miningfuelmeter_4" layername="timeline_0" frame="0" z_index="9" m_a="1.500000" m_b="0.000000" m_c="0.000000" m_d="1.500000" m_tx="1.000000" m_ty="1.000000"/>
  </frame>
  <frame idx="525" w="1080" h="1085" x="-85.973267" y="-89.582809">
   <element name="swap_miningfuelmeter_4" layername="timeline_0" frame="0" z_index="9" m_a="1.500000" m_b="0.000000" m_c="0.000000" m_d="1.500000" m_tx="1.000000" m_ty="1.000000"/>
  </frame>
  <frame idx="550" w="1080" h="1085" x="-85.973267" y="-89.582809">
   <element name="swap_miningfuelmeter_4" layername="timeline_0" frame="0" z_index="9" m_a="1.500000" m_b="0.000000" m_c="0.000000" m_d="1.500000" m_tx="1.000000" m_ty="1.000000"/>
  </frame>
  <frame idx="575" w="1080" h="1085" x="-85.973267" y="-89.582809">
   <element name="swap_miningfuelmeter_4" layername="timeline_0" frame="0" z_index="9" m_a="1.500000" m_b="0.000000" m_c="0.000000" m_d="1.500000" m_tx="1.000000" m_ty="1.000000"/>
  </frame>
  <frame idx="600" w="1080" h="1085" x="-85.973267" y="-89.582809">
   <element name="swap_miningfuelmeter_4" layername="timeline_0" frame="0" z_index="9" m_a="1.500000" m_b="0.000000" m_c="0.000000" m_d="1.500000" m_tx="1.000000" m_ty="1.000000"/>
  </frame>
  <frame idx="625" w="1080" h="1085" x="-85.973267" y="-89.582809">
   <element name="swap_miningfuelmeter_4" layername="timeline_0" frame="0" z_index="9" m_a="1.500000" m_b="0.000000" m_c="0.000000" m_d="1.500000" m_tx="1.000000" m_ty="1.000000"/>
  </frame>
  <frame idx="650" w="1080" h="1085" x="-85.973267" y="-89.582809">
   <element name="swap_miningfuelmeter_4" layername="timeline_0" frame="0" z_index="9" m_a="1.500000" m_b="0.000000" m_c="0.000000" m_d="1.500000" m_tx="1.000000" m_ty="1.000000"/>
  </frame>
  <frame idx="675" w="1080" h="1085" x="-85.973267" y="-89.582809">
   <element name="swap_miningfuelmeter_4" layername="timeline_0" frame="0" z_index="9" m_a="1.500000" m_b="0.000000" m_c="0.000000" m_d="1.500000" m_tx="1.000000" m_ty="1.000000"/>
  </frame>
  <frame idx="700" w="1080" h="1085" x="-85.973267" y="-89.582809">
   <element name="swap_miningfuelmeter_4" layername="timeline_0" frame="0" z_index="9" m_a="1.500000" m_b="0.000000" m_c="0.000000" m_d="1.500000" m_tx="1.000000" m_ty="1.000000"/>
  </frame>
  <frame idx="725" w="1080" h="1085" x="-85.973267" y="-89.582809">
   <element name="swap_miningfuelmeter_4" layername="timeline_0" frame="0" z_index="9" m_a="1.500000" m_b="0.000000" m_c="0.000000" m_d="1.500000" m_tx="1.000000" m_ty="1.000000"/>
  </frame>
  <frame idx="750" w="1080" h="1085" x="-85.973267" y="-89.582809">
   <element name="swap_miningfuelmeter_4" layername="timeline_0" frame="0" z_index="9" m_a="1.500000" m_b="0.000000" m_c="0.000000" m_d="1.500000" m_tx="1.000000" m_ty="1.000000"/>
  </frame>
  <frame idx="775" w="1080" h="1085" x="-85.973267" y="-89.582809">
   <element name="swap_miningfuelmeter_4" layername="timeline_0" frame="0" z_index="9" m_a="1.500000" m_b="0.000000" m_c="0.000000" m_d="1.500000" m_tx="1.000000" m_ty="1.000000"/>
  </frame>
  <frame idx="800" w="1080" h="1085" x="-85.973267" y="-89.582809">
   <element name="swap_miningfuelmeter_4" layername="timeline_0" frame="0" z_index="9" m_a="1.500000" m_b="0.000000" m_c="0.000000" m_d="1.500000" m_tx="1.000000" m_ty="1.000000"/>
  </frame>
  <frame idx="825" w="1080" h="1085" x="-85.973267" y="-89.582809">
   <element name="swap_miningfuelmeter_4" layername="timeline_0" frame="0" z_index="9" m_a="1.500000" m_b="0.000000" m_c="0.000000" m_d="1.500000" m_tx="1.000000" m_ty="1.000000"/>
  </frame>
  <frame idx="850" w="1080" h="1085" x="-85.973267" y="-89.582809">
   <element name="swap_miningfuelmeter_4" layername="timeline_0" frame="0" z_index="9" m_a="1.500000" m_b="0.000000" m_c="0.000000" m_d="1.500000" m_tx="1.000000" m_ty="1.000000"/>
  </frame>
  <frame idx="875" w="1080" h="1085" x="-85.973267" y="-89.582809">
   <element name="swap_miningfuelmeter_4" layername="timeline_0" frame="0" z_index="9" m_a="1.500000" m_b="0.000000" m_c="0.000000" m_d="1.500000" m_tx="1.000000" m_ty="1.000000"/>
  </frame>
  <frame idx="900" w="1080" h="1085" x="-85.973267" y="-89.582809">
   <element name="swap_miningfuelmeter_4" layername="timeline_0" frame="0" z_index="9" m_a="1.500000" m_b="0.000000" m_c="0.000000" m_d="1.500000" m_tx="1.000000" m_ty="1.000000"/>
  </frame>
  <frame idx="925" w="1080" h="1085" x="-85.973267" y="-89.582809">
   <element name="swap_miningfuelmeter_4" layername="timeline_0" frame="0" z_index="9" m_a="1.500000" m_b="0.000000" m_c="0.000000" m_d="1.500000" m_tx="1.000000" m_ty="1.000000"/>
  </frame>
  <frame idx="950" w="1080" h="1085" x="-85.973267" y="-89.582809">
   <element name="swap_miningfuelmeter_4" layername="timeline_0" frame="0" z_index="9" m_a="1.500000" m_b="0.000000" m_c="0.000000" m_d="1.500000" m_tx="1.000000" m_ty="1.000000"/>
  </frame>
  <frame idx="975" w="1080" h="1085" x="-85.973267" y="-89.582809">
   <element name="swap_miningfuelmeter_4" layername="timeline_0" frame="0" z_index="9" m_a="1.500000" m_b="0.000000" m_c="0.000000" m_d="1.500000" m_tx="1.000000" m_ty="1.000000"/>
  </frame>
 </anim>
 <anim name="BUILD" root="swap_miningfuelmeter_5" numframes="1000" framerate="40">
  <frame idx="0" w="1080" h="1085" x="-85.880569" y="-89.500000">
   <element name="swap_miningfuelmeter_5" layername="timeline_0" frame="0" z_index="9" m_a="1.500000" m_b="0.000000" m_c="0.000000" m_d="1.500000" m_tx="1.000000" m_ty="1.000000"/>
  </frame>
  <frame idx="25" w="1080" h="1085" x="-85.880569" y="-89.500000">
   <element name="swap_miningfuelmeter_5" layername="timeline_0" frame="0" z_index="9" m_a="1.500000" m_b="0.000000" m_c="0.000000" m_d="1.500000" m_tx="1.000000" m_ty="1.000000"/>
  </frame>
  <frame idx="50" w="1080" h="1085" x="-85.880569" y="-89.500000">
   <element name="swap_miningfuelmeter_5" layername="timeline_0" frame="0" z_index="9" m_a="1.500000" m_b="0.000000" m_c="0.000000" m_d="1.500000" m_tx="1.000000" m_ty="1.000000"/>
  </frame>
  <frame idx="75" w="1080" h="1085" x="-85.880569" y="-89.500000">
   <element name="swap_miningfuelmeter_5" layername="timeline_0" frame="0" z_index="9" m_a="1.500000" m_b="0.000000" m_c="0.000000" m_d="1.500000" m_tx="1.000000" m_ty="1.000000"/>
  </frame>
  <frame idx="100" w="1080" h="1085" x="-85.880569" y="-89.500000">
   <element name="swap_miningfuelmeter_5" layername="timeline_0" frame="0" z_index="9" m_a="1.500000" m_b="0.000000" m_c="0.000000" m_d="1.500000" m_tx="1.000000" m_ty="1.000000"/>
  </frame>
  <frame idx="125" w="1080" h="1085" x="-85.880569" y="-89.500000">
   <element name="swap_miningfuelmeter_5" layername="timeline_0" frame="0" z_index="9" m_a="1.500000" m_b="0.000000" m_c="0.000000" m_d="1.500000" m_tx="1.000000" m_ty="1.000000"/>
  </frame>
  <frame idx="150" w="1080" h="1085" x="-85.880569" y="-89.500000">
   <element name="swap_miningfuelmeter_5" layername="timeline_0" frame="0" z_index="9" m_a="1.500000" m_b="0.000000" m_c="0.000000" m_d="1.500000" m_tx="1.000000" m_ty="1.000000"/>
  </frame>
  <frame idx="175" w="1080" h="1085" x="-85.880569" y="-89.500000">
   <element name="swap_miningfuelmeter_5" layername="timeline_0" frame="0" z_index="9" m_a="1.500000" m_b="0.000000" m_c="0.000000" m_d="1.500000" m_tx="1.000000" m_ty="1.000000"/>
  </frame>
  <frame idx="200" w="1080" h="1085" x="-85.880569" y="-89.500000">
   <element name="swap_miningfuelmeter_5" layername="timeline_0" frame="0" z_index="9" m_a="1.500000" m_b="0.000000" m_c="0.000000" m_d="1.500000" m_tx="1.000000" m_ty="1.000000"/>
  </frame>
  <frame idx="225" w="1080" h="1085" x="-85.880569" y="-89.500000">
   <element name="swap_miningfuelmeter_5" layername="timeline_0" frame="0" z_index="9" m_a="1.500000" m_b="0.000000" m_c="0.000000" m_d="1.500000" m_tx="1.000000" m_ty="1.000000"/>
  </frame>
  <frame idx="250" w="1080" h="1085" x="-85.880569" y="-89.500000">
   <element name="swap_miningfuelmeter_5" layername="timeline_0" frame="0" z_index="9" m_a="1.500000" m_b="0.000000" m_c="0.000000" m_d="1.500000" m_tx="1.000000" m_ty="1.000000"/>
  </frame>
  <frame idx="275" w="1080" h="1085" x="-85.880569" y="-89.500000">
   <element name="swap_miningfuelmeter_5" layername="timeline_0" frame="0" z_index="9" m_a="1.500000" m_b="0.000000" m_c="0.000000" m_d="1.500000" m_tx="1.000000" m_ty="1.000000"/>
  </frame>
  <frame idx="300" w="1080" h="1085" x="-85.880569" y="-89.500000">
   <element name="swap_miningfuelmeter_5" layername="timeline_0" frame="0" z_index="9" m_a="1.500000" m_b="0.000000" m_c="0.000000" m_d="1.500000" m_tx="1.000000" m_ty="1.000000"/>
  </frame>
  <frame idx="325" w="1080" h="1085" x="-85.880569" y="-89.500000">
   <element name="swap_miningfuelmeter_5" layername="timeline_0" frame="0" z_index="9" m_a="1.500000" m_b="0.000000" m_c="0.000000" m_d="1.500000" m_tx="1.000000" m_ty="1.000000"/>
  </frame>
  <frame idx="350" w="1080" h="1085" x="-85.880569" y="-89.500000">
   <element name="swap_miningfuelmeter_5" layername="timeline_0" frame="0" z_index="9" m_a="1.500000" m_b="0.000000" m_c="0.000000" m_d="1.500000" m_tx="1.000000" m_ty="1.000000"/>
  </frame>
  <frame idx="375" w="1080" h="1085" x="-85.880569" y="-89.500000">
   <element name="swap_miningfuelmeter_5" layername="timeline_0" frame="0" z_index="9" m_a="1.500000" m_b="0.000000" m_c="0.000000" m_d="1.500000" m_tx="1.000000" m_ty="1.000000"/>
  </frame>
  <frame idx="400" w="1080" h="1085" x="-85.880569" y="-89.500000">
   <element name="swap_miningfuelmeter_5" layername="timeline_0" frame="0" z_index="9" m_a="1.500000" m_b="0.000000" m_c="0.000000" m_d="1.500000" m_tx="1.000000" m_ty="1.000000"/>
  </frame>
  <frame idx="425" w="1080" h="1085" x="-85.880569" y="-89.500000">
   <element name="swap_miningfuelmeter_5" layername="timeline_0" frame="0" z_index="9" m_a="1.500000" m_b="0.000000" m_c="0.000000" m_d="1.500000" m_tx="1.000000" m_ty="1.000000"/>
  </frame>
  <frame idx="450" w="1080" h="1085" x="-85.880569" y="-89.500000">
   <element name="swap_miningfuelmeter_5" layername="timeline_0" frame="0" z_index="9" m_a="1.500000" m_b="0.000000" m_c="0.000000" m_d="1.500000" m_tx="1.000000" m_ty="1.000000"/>
  </frame>
  <frame idx="475" w="1080" h="1085" x="-85.880569" y="-89.500000">
   <element name="swap_miningfuelmeter_5" layername="timeline_0" frame="0" z_index="9" m_a="1.500000" m_b="0.000000" m_c="0.000000" m_d="1.500000" m_tx="1.000000" m_ty="1.000000"/>
  </frame>
  <frame idx="500" w="1080" h="1085" x="-85.880569" y="-89.500000">
   <element name="swap_miningfuelmeter_5" layername="timeline_0" frame="0" z_index="9" m_a="1.500000" m_b="0.000000" m_c="0.000000" m_d="1.500000" m_tx="1.000000" m_ty="1.000000"/>
  </frame>
  <frame idx="525" w="1080" h="1085" x="-85.880569" y="-89.500000">
   <element name="swap_miningfuelmeter_5" layername="timeline_0" frame="0" z_index="9" m_a="1.500000" m_b="0.000000" m_c="0.000000" m_d="1.500000" m_tx="1.000000" m_ty="1.000000"/>
  </frame>
  <frame idx="550" w="1080" h="1085" x="-85.880569" y="-89.500000">
   <element name="swap_miningfuelmeter_5" layername="timeline_0" frame="0" z_index="9" m_a="1.500000" m_b="0.000000" m_c="0.000000" m_d="1.500000" m_tx="1.000000" m_ty="1.000000"/>
  </frame>
  <frame idx="575" w="1080" h="1085" x="-85.880569" y="-89.500000">
   <element name="swap_miningfuelmeter_5" layername="timeline_0" frame="0" z_index="9" m_a="1.500000" m_b="0.000000" m_c="0.000000" m_d="1.500000" m_tx="1.000000" m_ty="1.000000"/>
  </frame>
  <frame idx="600" w="1080" h="1085" x="-85.880569" y="-89.500000">
   <element name="swap_miningfuelmeter_5" layername="timeline_0" frame="0" z_index="9" m_a="1.500000" m_b="0.000000" m_c="0.000000" m_d="1.500000" m_tx="1.000000" m_ty="1.000000"/>
  </frame>
  <frame idx="625" w="1080" h="1085" x="-85.880569" y="-89.500000">
   <element name="swap_miningfuelmeter_5" layername="timeline_0" frame="0" z_index="9" m_a="1.500000" m_b="0.000000" m_c="0.000000" m_d="1.500000" m_tx="1.000000" m_ty="1.000000"/>
  </frame>
  <frame idx="650" w="1080" h="1085" x="-85.880569" y="-89.500000">
   <element name="swap_miningfuelmeter_5" layername="timeline_0" frame="0" z_index="9" m_a="1.500000" m_b="0.000000" m_c="0.000000" m_d="1.500000" m_tx="1.000000" m_ty="1.000000"/>
  </frame>
  <frame idx="675" w="1080" h="1085" x="-85.880569" y="-89.500000">
   <element name="swap_miningfuelmeter_5" layername="timeline_0" frame="0" z_index="9" m_a="1.500000" m_b="0.000000" m_c="0.000000" m_d="1.500000" m_tx="1.000000" m_ty="1.000000"/>
  </frame>
  <frame idx="700" w="1080" h="1085" x="-85.880569" y="-89.500000">
   <element name="swap_miningfuelmeter_5" layername="timeline_0" frame="0" z_index="9" m_a="1.500000" m_b="0.000000" m_c="0.000000" m_d="1.500000" m_tx="1.000000" m_ty="1.000000"/>
  </frame>
  <frame idx="725" w="1080" h="1085" x="-85.880569" y="-89.500000">
   <element name="swap_miningfuelmeter_5" layername="timeline_0" frame="0" z_index="9" m_a="1.500000" m_b="0.000000" m_c="0.000000" m_d="1.500000" m_tx="1.000000" m_ty="1.000000"/>
  </frame>
  <frame idx="750" w="1080" h="1085" x="-85.880569" y="-89.500000">
   <element name="swap_miningfuelmeter_5" layername="timeline_0" frame="0" z_index="9" m_a="1.500000" m_b="0.000000" m_c="0.000000" m_d="1.500000" m_tx="1.000000" m_ty="1.000000"/>
  </frame>
  <frame idx="775" w="1080" h="1085" x="-85.880569" y="-89.500000">
   <element name="swap_miningfuelmeter_5" layername="timeline_0" frame="0" z_index="9" m_a="1.500000" m_b="0.000000" m_c="0.000000" m_d="1.500000" m_tx="1.000000" m_ty="1.000000"/>
  </frame>
  <frame idx="800" w="1080" h="1085" x="-85.880569" y="-89.500000">
   <element name="swap_miningfuelmeter_5" layername="timeline_0" frame="0" z_index="9" m_a="1.500000" m_b="0.000000" m_c="0.000000" m_d="1.500000" m_tx="1.000000" m_ty="1.000000"/>
  </frame>
  <frame idx="825" w="1080" h="1085" x="-85.880569" y="-89.500000">
   <element name="swap_miningfuelmeter_5" layername="timeline_0" frame="0" z_index="9" m_a="1.500000" m_b="0.000000" m_c="0.000000" m_d="1.500000" m_tx="1.000000" m_ty="1.000000"/>
  </frame>
  <frame idx="850" w="1080" h="1085" x="-85.880569" y="-89.500000">
   <element name="swap_miningfuelmeter_5" layername="timeline_0" frame="0" z_index="9" m_a="1.500000" m_b="0.000000" m_c="0.000000" m_d="1.500000" m_tx="1.000000" m_ty="1.000000"/>
  </frame>
  <frame idx="875" w="1080" h="1085" x="-85.880569" y="-89.500000">
   <element name="swap_miningfuelmeter_5" layername="timeline_0" frame="0" z_index="9" m_a="1.500000" m_b="0.000000" m_c="0.000000" m_d="1.500000" m_tx="1.000000" m_ty="1.000000"/>
  </frame>
  <frame idx="900" w="1080" h="1085" x="-85.880569" y="-89.500000">
   <element name="swap_miningfuelmeter_5" layername="timeline_0" frame="0" z_index="9" m_a="1.500000" m_b="0.000000" m_c="0.000000" m_d="1.500000" m_tx="1.000000" m_ty="1.000000"/>
  </frame>
  <frame idx="925" w="1080" h="1085" x="-85.880569" y="-89.500000">
   <element name="swap_miningfuelmeter_5" layername="timeline_0" frame="0" z_index="9" m_a="1.500000" m_b="0.000000" m_c="0.000000" m_d="1.500000" m_tx="1.000000" m_ty="1.000000"/>
  </frame>
  <frame idx="950" w="1080" h="1085" x="-85.880569" y="-89.500000">
   <element name="swap_miningfuelmeter_5" layername="timeline_0" frame="0" z_index="9" m_a="1.500000" m_b="0.000000" m_c="0.000000" m_d="1.500000" m_tx="1.000000" m_ty="1.000000"/>
  </frame>
  <frame idx="975" w="1080" h="1085" x="-85.880569" y="-89.500000">
   <element name="swap_miningfuelmeter_5" layername="timeline_0" frame="0" z_index="9" m_a="1.500000" m_b="0.000000" m_c="0.000000" m_d="1.500000" m_tx="1.000000" m_ty="1.000000"/>
  </frame>
 </anim>
 <anim name="BUILD" root="swap_miningfuelmeter_6" numframes="1000" framerate="40">
  <frame idx="0" w="1080" h="1085" x="-85.880569" y="-89.500000">
   <element name="swap_miningfuelmeter_6" layername="timeline_0" frame="0" z_index="9" m_a="1.500000" m_b="0.000000" m_c="0.000000" m_d="1.500000" m_tx="1.000000" m_ty="1.000000"/>
  </frame>
  <frame idx="25" w="1080" h="1085" x="-85.880569" y="-89.500000">
   <element name="swap_miningfuelmeter_6" layername="timeline_0" frame="0" z_index="9" m_a="1.500000" m_b="0.000000" m_c="0.000000" m_d="1.500000" m_tx="1.000000" m_ty="1.000000"/>
  </frame>
  <frame idx="50" w="1080" h="1085" x="-85.880569" y="-89.500000">
   <element name="swap_miningfuelmeter_6" layername="timeline_0" frame="0" z_index="9" m_a="1.500000" m_b="0.000000" m_c="0.000000" m_d="1.500000" m_tx="1.000000" m_ty="1.000000"/>
  </frame>
  <frame idx="75" w="1080" h="1085" x="-85.880569" y="-89.500000">
   <element name="swap_miningfuelmeter_6" layername="timeline_0" frame="0" z_index="9" m_a="1.500000" m_b="0.000000" m_c="0.000000" m_d="1.500000" m_tx="1.000000" m_ty="1.000000"/>
  </frame>
  <frame idx="100" w="1080" h="1085" x="-85.880569" y="-89.500000">
   <element name="swap_miningfuelmeter_6" layername="timeline_0" frame="0" z_index="9" m_a="1.500000" m_b="0.000000" m_c="0.000000" m_d="1.500000" m_tx="1.000000" m_ty="1.000000"/>
  </frame>
  <frame idx="125" w="1080" h="1085" x="-85.880569" y="-89.500000">
   <element name="swap_miningfuelmeter_6" layername="timeline_0" frame="0" z_index="9" m_a="1.500000" m_b="0.000000" m_c="0.000000" m_d="1.500000" m_tx="1.000000" m_ty="1.000000"/>
  </frame>
  <frame idx="150" w="1080" h="1085" x="-85.880569" y="-89.500000">
   <element name="swap_miningfuelmeter_6" layername="timeline_0" frame="0" z_index="9" m_a="1.500000" m_b="0.000000" m_c="0.000000" m_d="1.500000" m_tx="1.000000" m_ty="1.000000"/>
  </frame>
  <frame idx="175" w="1080" h="1085" x="-85.880569" y="-89.500000">
   <element name="swap_miningfuelmeter_6" layername="timeline_0" frame="0" z_index="9" m_a="1.500000" m_b="0.000000" m_c="0.000000" m_d="1.500000" m_tx="1.000000" m_ty="1.000000"/>
  </frame>
  <frame idx="200" w="1080" h="1085" x="-85.880569" y="-89.500000">
   <element name="swap_miningfuelmeter_6" layername="timeline_0" frame="0" z_index="9" m_a="1.500000" m_b="0.000000" m_c="0.000000" m_d="1.500000" m_tx="1.000000" m_ty="1.000000"/>
  </frame>
  <frame idx="225" w="1080" h="1085" x="-85.880569" y="-89.500000">
   <element name="swap_miningfuelmeter_6" layername="timeline_0" frame="0" z_index="9" m_a="1.500000" m_b="0.000000" m_c="0.000000" m_d="1.500000" m_tx="1.000000" m_ty="1.000000"/>
  </frame>
  <frame idx="250" w="1080" h="1085" x="-85.880569" y="-89.500000">
   <element name="swap_miningfuelmeter_6" layername="timeline_0" frame="0" z_index="9" m_a="1.500000" m_b="0.000000" m_c="0.000000" m_d="1.500000" m_tx="1.000000" m_ty="1.000000"/>
  </frame>
  <frame idx="275" w="1080" h="1085" x="-85.880569" y="-89.500000">
   <element name="swap_miningfuelmeter_6" layername="timeline_0" frame="0" z_index="9" m_a="1.500000" m_b="0.000000" m_c="0.000000" m_d="1.500000" m_tx="1.000000" m_ty="1.000000"/>
  </frame>
  <frame idx="300" w="1080" h="1085" x="-85.880569" y="-89.500000">
   <element name="swap_miningfuelmeter_6" layername="timeline_0" frame="0" z_index="9" m_a="1.500000" m_b="0.000000" m_c="0.000000" m_d="1.500000" m_tx="1.000000" m_ty="1.000000"/>
  </frame>
  <frame idx="325" w="1080" h="1085" x="-85.880569" y="-89.500000">
   <element name="swap_miningfuelmeter_6" layername="timeline_0" frame="0" z_index="9" m_a="1.500000" m_b="0.000000" m_c="0.000000" m_d="1.500000" m_tx="1.000000" m_ty="1.000000"/>
  </frame>
  <frame idx="350" w="1080" h="1085" x="-85.880569" y="-89.500000">
   <element name="swap_miningfuelmeter_6" layername="timeline_0" frame="0" z_index="9" m_a="1.500000" m_b="0.000000" m_c="0.000000" m_d="1.500000" m_tx="1.000000" m_ty="1.000000"/>
  </frame>
  <frame idx="375" w="1080" h="1085" x="-85.880569" y="-89.500000">
   <element name="swap_miningfuelmeter_6" layername="timeline_0" frame="0" z_index="9" m_a="1.500000" m_b="0.000000" m_c="0.000000" m_d="1.500000" m_tx="1.000000" m_ty="1.000000"/>
  </frame>
  <frame idx="400" w="1080" h="1085" x="-85.880569" y="-89.500000">
   <element name="swap_miningfuelmeter_6" layername="timeline_0" frame="0" z_index="9" m_a="1.500000" m_b="0.000000" m_c="0.000000" m_d="1.500000" m_tx="1.000000" m_ty="1.000000"/>
  </frame>
  <frame idx="425" w="1080" h="1085" x="-85.880569" y="-89.500000">
   <element name="swap_miningfuelmeter_6" layername="timeline_0" frame="0" z_index="9" m_a="1.500000" m_b="0.000000" m_c="0.000000" m_d="1.500000" m_tx="1.000000" m_ty="1.000000"/>
  </frame>
  <frame idx="450" w="1080" h="1085" x="-85.880569" y="-89.500000">
   <element name="swap_miningfuelmeter_6" layername="timeline_0" frame="0" z_index="9" m_a="1.500000" m_b="0.000000" m_c="0.000000" m_d="1.500000" m_tx="1.000000" m_ty="1.000000"/>
  </frame>
  <frame idx="475" w="1080" h="1085" x="-85.880569" y="-89.500000">
   <element name="swap_miningfuelmeter_6" layername="timeline_0" frame="0" z_index="9" m_a="1.500000" m_b="0.000000" m_c="0.000000" m_d="1.500000" m_tx="1.000000" m_ty="1.000000"/>
  </frame>
  <frame idx="500" w="1080" h="1085" x="-85.880569" y="-89.500000">
   <element name="swap_miningfuelmeter_6" layername="timeline_0" frame="0" z_index="9" m_a="1.500000" m_b="0.000000" m_c="0.000000" m_d="1.500000" m_tx="1.000000" m_ty="1.000000"/>
  </frame>
  <frame idx="525" w="1080" h="1085" x="-85.880569" y="-89.500000">
   <element name="swap_miningfuelmeter_6" layername="timeline_0" frame="0" z_index="9" m_a="1.500000" m_b="0.000000" m_c="0.000000" m_d="1.500000" m_tx="1.000000" m_ty="1.000000"/>
  </frame>
  <frame idx="550" w="1080" h="1085" x="-85.880569" y="-89.500000">
   <element name="swap_miningfuelmeter_6" layername="timeline_0" frame="0" z_index="9" m_a="1.500000" m_b="0.000000" m_c="0.000000" m_d="1.500000" m_tx="1.000000" m_ty="1.000000"/>
  </frame>
  <frame idx="575" w="1080" h="1085" x="-85.880569" y="-89.500000">
   <element name="swap_miningfuelmeter_6" layername="timeline_0" frame="0" z_index="9" m_a="1.500000" m_b="0.000000" m_c="0.000000" m_d="1.500000" m_tx="1.000000" m_ty="1.000000"/>
  </frame>
  <frame idx="600" w="1080" h="1085" x="-85.880569" y="-89.500000">
   <element name="swap_miningfuelmeter_6" layername="timeline_0" frame="0" z_index="9" m_a="1.500000" m_b="0.000000" m_c="0.000000" m_d="1.500000" m_tx="1.000000" m_ty="1.000000"/>
  </frame>
  <frame idx="625" w="1080" h="1085" x="-85.880569" y="-89.500000">
   <element name="swap_miningfuelmeter_6" layername="timeline_0" frame="0" z_index="9" m_a="1.500000" m_b="0.000000" m_c="0.000000" m_d="1.500000" m_tx="1.000000" m_ty="1.000000"/>
  </frame>
  <frame idx="650" w="1080" h="1085" x="-85.880569" y="-89.500000">
   <element name="swap_miningfuelmeter_6" layername="timeline_0" frame="0" z_index="9" m_a="1.500000" m_b="0.000000" m_c="0.000000" m_d="1.500000" m_tx="1.000000" m_ty="1.000000"/>
  </frame>
  <frame idx="675" w="1080" h="1085" x="-85.880569" y="-89.500000">
   <element name="swap_miningfuelmeter_6" layername="timeline_0" frame="0" z_index="9" m_a="1.500000" m_b="0.000000" m_c="0.000000" m_d="1.500000" m_tx="1.000000" m_ty="1.000000"/>
  </frame>
  <frame idx="700" w="1080" h="1085" x="-85.880569" y="-89.500000">
   <element name="swap_miningfuelmeter_6" layername="timeline_0" frame="0" z_index="9" m_a="1.500000" m_b="0.000000" m_c="0.000000" m_d="1.500000" m_tx="1.000000" m_ty="1.000000"/>
  </frame>
  <frame idx="725" w="1080" h="1085" x="-85.880569" y="-89.500000">
   <element name="swap_miningfuelmeter_6" layername="timeline_0" frame="0" z_index="9" m_a="1.500000" m_b="0.000000" m_c="0.000000" m_d="1.500000" m_tx="1.000000" m_ty="1.000000"/>
  </frame>
  <frame idx="750" w="1080" h="1085" x="-85.880569" y="-89.500000">
   <element name="swap_miningfuelmeter_6" layername="timeline_0" frame="0" z_index="9" m_a="1.500000" m_b="0.000000" m_c="0.000000" m_d="1.500000" m_tx="1.000000" m_ty="1.000000"/>
  </frame>
  <frame idx="775" w="1080" h="1085" x="-85.880569" y="-89.500000">
   <element name="swap_miningfuelmeter_6" layername="timeline_0" frame="0" z_index="9" m_a="1.500000" m_b="0.000000" m_c="0.000000" m_d="1.500000" m_tx="1.000000" m_ty="1.000000"/>
  </frame>
  <frame idx="800" w="1080" h="1085" x="-85.880569" y="-89.500000">
   <element name="swap_miningfuelmeter_6" layername="timeline_0" frame="0" z_index="9" m_a="1.500000" m_b="0.000000" m_c="0.000000" m_d="1.500000" m_tx="1.000000" m_ty="1.000000"/>
  </frame>
  <frame idx="825" w="1080" h="1085" x="-85.880569" y="-89.500000">
   <element name="swap_miningfuelmeter_6" layername="timeline_0" frame="0" z_index="9" m_a="1.500000" m_b="0.000000" m_c="0.000000" m_d="1.500000" m_tx="1.000000" m_ty="1.000000"/>
  </frame>
  <frame idx="850" w="1080" h="1085" x="-85.880569" y="-89.500000">
   <element name="swap_miningfuelmeter_6" layername="timeline_0" frame="0" z_index="9" m_a="1.500000" m_b="0.000000" m_c="0.000000" m_d="1.500000" m_tx="1.000000" m_ty="1.000000"/>
  </frame>
  <frame idx="875" w="1080" h="1085" x="-85.880569" y="-89.500000">
   <element name="swap_miningfuelmeter_6" layername="timeline_0" frame="0" z_index="9" m_a="1.500000" m_b="0.000000" m_c="0.000000" m_d="1.500000" m_tx="1.000000" m_ty="1.000000"/>
  </frame>
  <frame idx="900" w="1080" h="1085" x="-85.880569" y="-89.500000">
   <element name="swap_miningfuelmeter_6" layername="timeline_0" frame="0" z_index="9" m_a="1.500000" m_b="0.000000" m_c="0.000000" m_d="1.500000" m_tx="1.000000" m_ty="1.000000"/>
  </frame>
  <frame idx="925" w="1080" h="1085" x="-85.880569" y="-89.500000">
   <element name="swap_miningfuelmeter_6" layername="timeline_0" frame="0" z_index="9" m_a="1.500000" m_b="0.000000" m_c="0.000000" m_d="1.500000" m_tx="1.000000" m_ty="1.000000"/>
  </frame>
  <frame idx="950" w="1080" h="1085" x="-85.880569" y="-89.500000">
   <element name="swap_miningfuelmeter_6" layername="timeline_0" frame="0" z_index="9" m_a="1.500000" m_b="0.000000" m_c="0.000000" m_d="1.500000" m_tx="1.000000" m_ty="1.000000"/>
  </frame>
  <frame idx="975" w="1080" h="1085" x="-85.880569" y="-89.500000">
   <element name="swap_miningfuelmeter_6" layername="timeline_0" frame="0" z_index="9" m_a="1.500000" m_b="0.000000" m_c="0.000000" m_d="1.500000" m_tx="1.000000" m_ty="1.000000"/>
  </frame>
 </anim>
 <anim name="BUILD" root="swap_miningfuelmeter_7" numframes="1000" framerate="40">
  <frame idx="0" w="1080" h="1085" x="-85.880569" y="-89.500000">
   <element name="swap_miningfuelmeter_7" layername="timeline_0" frame="0" z_index="9" m_a="1.500000" m_b="0.000000" m_c="0.000000" m_d="1.500000" m_tx="1.000000" m_ty="1.000000"/>
  </frame>
  <frame idx="25" w="1080" h="1085" x="-85.880569" y="-89.500000">
   <element name="swap_miningfuelmeter_7" layername="timeline_0" frame="0" z_index="9" m_a="1.500000" m_b="0.000000" m_c="0.000000" m_d="1.500000" m_tx="1.000000" m_ty="1.000000"/>
  </frame>
  <frame idx="50" w="1080" h="1085" x="-85.880569" y="-89.500000">
   <element name="swap_miningfuelmeter_7" layername="timeline_0" frame="0" z_index="9" m_a="1.500000" m_b="0.000000" m_c="0.000000" m_d="1.500000" m_tx="1.000000" m_ty="1.000000"/>
  </frame>
  <frame idx="75" w="1080" h="1085" x="-85.880569" y="-89.500000">
   <element name="swap_miningfuelmeter_7" layername="timeline_0" frame="0" z_index="9" m_a="1.500000" m_b="0.000000" m_c="0.000000" m_d="1.500000" m_tx="1.000000" m_ty="1.000000"/>
  </frame>
  <frame idx="100" w="1080" h="1085" x="-85.880569" y="-89.500000">
   <element name="swap_miningfuelmeter_7" layername="timeline_0" frame="0" z_index="9" m_a="1.500000" m_b="0.000000" m_c="0.000000" m_d="1.500000" m_tx="1.000000" m_ty="1.000000"/>
  </frame>
  <frame idx="125" w="1080" h="1085" x="-85.880569" y="-89.500000">
   <element name="swap_miningfuelmeter_7" layername="timeline_0" frame="0" z_index="9" m_a="1.500000" m_b="0.000000" m_c="0.000000" m_d="1.500000" m_tx="1.000000" m_ty="1.000000"/>
  </frame>
  <frame idx="150" w="1080" h="1085" x="-85.880569" y="-89.500000">
   <element name="swap_miningfuelmeter_7" layername="timeline_0" frame="0" z_index="9" m_a="1.500000" m_b="0.000000" m_c="0.000000" m_d="1.500000" m_tx="1.000000" m_ty="1.000000"/>
  </frame>
  <frame idx="175" w="1080" h="1085" x="-85.880569" y="-89.500000">
   <element name="swap_miningfuelmeter_7" layername="timeline_0" frame="0" z_index="9" m_a="1.500000" m_b="0.000000" m_c="0.000000" m_d="1.500000" m_tx="1.000000" m_ty="1.000000"/>
  </frame>
  <frame idx="200" w="1080" h="1085" x="-85.880569" y="-89.500000">
   <element name="swap_miningfuelmeter_7" layername="timeline_0" frame="0" z_index="9" m_a="1.500000" m_b="0.000000" m_c="0.000000" m_d="1.500000" m_tx="1.000000" m_ty="1.000000"/>
  </frame>
  <frame idx="225" w="1080" h="1085" x="-85.880569" y="-89.500000">
   <element name="swap_miningfuelmeter_7" layername="timeline_0" frame="0" z_index="9" m_a="1.500000" m_b="0.000000" m_c="0.000000" m_d="1.500000" m_tx="1.000000" m_ty="1.000000"/>
  </frame>
  <frame idx="250" w="1080" h="1085" x="-85.880569" y="-89.500000">
   <element name="swap_miningfuelmeter_7" layername="timeline_0" frame="0" z_index="9" m_a="1.500000" m_b="0.000000" m_c="0.000000" m_d="1.500000" m_tx="1.000000" m_ty="1.000000"/>
  </frame>
  <frame idx="275" w="1080" h="1085" x="-85.880569" y="-89.500000">
   <element name="swap_miningfuelmeter_7" layername="timeline_0" frame="0" z_index="9" m_a="1.500000" m_b="0.000000" m_c="0.000000" m_d="1.500000" m_tx="1.000000" m_ty="1.000000"/>
  </frame>
  <frame idx="300" w="1080" h="1085" x="-85.880569" y="-89.500000">
   <element name="swap_miningfuelmeter_7" layername="timeline_0" frame="0" z_index="9" m_a="1.500000" m_b="0.000000" m_c="0.000000" m_d="1.500000" m_tx="1.000000" m_ty="1.000000"/>
  </frame>
  <frame idx="325" w="1080" h="1085" x="-85.880569" y="-89.500000">
   <element name="swap_miningfuelmeter_7" layername="timeline_0" frame="0" z_index="9" m_a="1.500000" m_b="0.000000" m_c="0.000000" m_d="1.500000" m_tx="1.000000" m_ty="1.000000"/>
  </frame>
  <frame idx="350" w="1080" h="1085" x="-85.880569" y="-89.500000">
   <element name="swap_miningfuelmeter_7" layername="timeline_0" frame="0" z_index="9" m_a="1.500000" m_b="0.000000" m_c="0.000000" m_d="1.500000" m_tx="1.000000" m_ty="1.000000"/>
  </frame>
  <frame idx="375" w="1080" h="1085" x="-85.880569" y="-89.500000">
   <element name="swap_miningfuelmeter_7" layername="timeline_0" frame="0" z_index="9" m_a="1.500000" m_b="0.000000" m_c="0.000000" m_d="1.500000" m_tx="1.000000" m_ty="1.000000"/>
  </frame>
  <frame idx="400" w="1080" h="1085" x="-85.880569" y="-89.500000">
   <element name="swap_miningfuelmeter_7" layername="timeline_0" frame="0" z_index="9" m_a="1.500000" m_b="0.000000" m_c="0.000000" m_d="1.500000" m_tx="1.000000" m_ty="1.000000"/>
  </frame>
  <frame idx="425" w="1080" h="1085" x="-85.880569" y="-89.500000">
   <element name="swap_miningfuelmeter_7" layername="timeline_0" frame="0" z_index="9" m_a="1.500000" m_b="0.000000" m_c="0.000000" m_d="1.500000" m_tx="1.000000" m_ty="1.000000"/>
  </frame>
  <frame idx="450" w="1080" h="1085" x="-85.880569" y="-89.500000">
   <element name="swap_miningfuelmeter_7" layername="timeline_0" frame="0" z_index="9" m_a="1.500000" m_b="0.000000" m_c="0.000000" m_d="1.500000" m_tx="1.000000" m_ty="1.000000"/>
  </frame>
  <frame idx="475" w="1080" h="1085" x="-85.880569" y="-89.500000">
   <element name="swap_miningfuelmeter_7" layername="timeline_0" frame="0" z_index="9" m_a="1.500000" m_b="0.000000" m_c="0.000000" m_d="1.500000" m_tx="1.000000" m_ty="1.000000"/>
  </frame>
  <frame idx="500" w="1080" h="1085" x="-85.880569" y="-89.500000">
   <element name="swap_miningfuelmeter_7" layername="timeline_0" frame="0" z_index="9" m_a="1.500000" m_b="0.000000" m_c="0.000000" m_d="1.500000" m_tx="1.000000" m_ty="1.000000"/>
  </frame>
  <frame idx="525" w="1080" h="1085" x="-85.880569" y="-89.500000">
   <element name="swap_miningfuelmeter_7" layername="timeline_0" frame="0" z_index="9" m_a="1.500000" m_b="0.000000" m_c="0.000000" m_d="1.500000" m_tx="1.000000" m_ty="1.000000"/>
  </frame>
  <frame idx="550" w="1080" h="1085" x="-85.880569" y="-89.500000">
   <element name="swap_miningfuelmeter_7" layername="timeline_0" frame="0" z_index="9" m_a="1.500000" m_b="0.000000" m_c="0.000000" m_d="1.500000" m_tx="1.000000" m_ty="1.000000"/>
  </frame>
  <frame idx="575" w="1080" h="1085" x="-85.880569" y="-89.500000">
   <element name="swap_miningfuelmeter_7" layername="timeline_0" frame="0" z_index="9" m_a="1.500000" m_b="0.000000" m_c="0.000000" m_d="1.500000" m_tx="1.000000" m_ty="1.000000"/>
  </frame>
  <frame idx="600" w="1080" h="1085" x="-85.880569" y="-89.500000">
   <element name="swap_miningfuelmeter_7" layername="timeline_0" frame="0" z_index="9" m_a="1.500000" m_b="0.000000" m_c="0.000000" m_d="1.500000" m_tx="1.000000" m_ty="1.000000"/>
  </frame>
  <frame idx="625" w="1080" h="1085" x="-85.880569" y="-89.500000">
   <element name="swap_miningfuelmeter_7" layername="timeline_0" frame="0" z_index="9" m_a="1.500000" m_b="0.000000" m_c="0.000000" m_d="1.500000" m_tx="1.000000" m_ty="1.000000"/>
  </frame>
  <frame idx="650" w="1080" h="1085" x="-85.880569" y="-89.500000">
   <element name="swap_miningfuelmeter_7" layername="timeline_0" frame="0" z_index="9" m_a="1.500000" m_b="0.000000" m_c="0.000000" m_d="1.500000" m_tx="1.000000" m_ty="1.000000"/>
  </frame>
  <frame idx="675" w="1080" h="1085" x="-85.880569" y="-89.500000">
   <element name="swap_miningfuelmeter_7" layername="timeline_0" frame="0" z_index="9" m_a="1.500000" m_b="0.000000" m_c="0.000000" m_d="1.500000" m_tx="1.000000" m_ty="1.000000"/>
  </frame>
  <frame idx="700" w="1080" h="1085" x="-85.880569" y="-89.500000">
   <element name="swap_miningfuelmeter_7" layername="timeline_0" frame="0" z_index="9" m_a="1.500000" m_b="0.000000" m_c="0.000000" m_d="1.500000" m_tx="1.000000" m_ty="1.000000"/>
  </frame>
  <frame idx="725" w="1080" h="1085" x="-85.880569" y="-89.500000">
   <element name="swap_miningfuelmeter_7" layername="timeline_0" frame="0" z_index="9" m_a="1.500000" m_b="0.000000" m_c="0.000000" m_d="1.500000" m_tx="1.000000" m_ty="1.000000"/>
  </frame>
  <frame idx="750" w="1080" h="1085" x="-85.880569" y="-89.500000">
   <element name="swap_miningfuelmeter_7" layername="timeline_0" frame="0" z_index="9" m_a="1.500000" m_b="0.000000" m_c="0.000000" m_d="1.500000" m_tx="1.000000" m_ty="1.000000"/>
  </frame>
  <frame idx="775" w="1080" h="1085" x="-85.880569" y="-89.500000">
   <element name="swap_miningfuelmeter_7" layername="timeline_0" frame="0" z_index="9" m_a="1.500000" m_b="0.000000" m_c="0.000000" m_d="1.500000" m_tx="1.000000" m_ty="1.000000"/>
  </frame>
  <frame idx="800" w="1080" h="1085" x="-85.880569" y="-89.500000">
   <element name="swap_miningfuelmeter_7" layername="timeline_0" frame="0" z_index="9" m_a="1.500000" m_b="0.000000" m_c="0.000000" m_d="1.500000" m_tx="1.000000" m_ty="1.000000"/>
  </frame>
  <frame idx="825" w="1080" h="1085" x="-85.880569" y="-89.500000">
   <element name="swap_miningfuelmeter_7" layername="timeline_0" frame="0" z_index="9" m_a="1.500000" m_b="0.000000" m_c="0.000000" m_d="1.500000" m_tx="1.000000" m_ty="1.000000"/>
  </frame>
  <frame idx="850" w="1080" h="1085" x="-85.880569" y="-89.500000">
   <element name="swap_miningfuelmeter_7" layername="timeline_0" frame="0" z_index="9" m_a="1.500000" m_b="0.000000" m_c="0.000000" m_d="1.500000" m_tx="1.000000" m_ty="1.000000"/>
  </frame>
  <frame idx="875" w="1080" h="1085" x="-85.880569" y="-89.500000">
   <element name="swap_miningfuelmeter_7" layername="timeline_0" frame="0" z_index="9" m_a="1.500000" m_b="0.000000" m_c="0.000000" m_d="1.500000" m_tx="1.000000" m_ty="1.000000"/>
  </frame>
  <frame idx="900" w="1080" h="1085" x="-85.880569" y="-89.500000">
   <element name="swap_miningfuelmeter_7" layername="timeline_0" frame="0" z_index="9" m_a="1.500000" m_b="0.000000" m_c="0.000000" m_d="1.500000" m_tx="1.000000" m_ty="1.000000"/>
  </frame>
  <frame idx="925" w="1080" h="1085" x="-85.880569" y="-89.500000">
   <element name="swap_miningfuelmeter_7" layername="timeline_0" frame="0" z_index="9" m_a="1.500000" m_b="0.000000" m_c="0.000000" m_d="1.500000" m_tx="1.000000" m_ty="1.000000"/>
  </frame>
  <frame idx="950" w="1080" h="1085" x="-85.880569" y="-89.500000">
   <element name="swap_miningfuelmeter_7" layername="timeline_0" frame="0" z_index="9" m_a="1.500000" m_b="0.000000" m_c="0.000000" m_d="1.500000" m_tx="1.000000" m_ty="1.000000"/>
  </frame>
  <frame idx="975" w="1080" h="1085" x="-85.880569" y="-89.500000">
   <element name="swap_miningfuelmeter_7" layername="timeline_0" frame="0" z_index="9" m_a="1.500000" m_b="0.000000" m_c="0.000000" m_d="1.500000" m_tx="1.000000" m_ty="1.000000"/>
  </frame>
 </anim>
 <anim name="BUILD" root="swap_miningfuelmeter_8" numframes="1000" framerate="40">
  <frame idx="0" w="1080" h="1085" x="-85.880569" y="-89.500000">
   <element name="swap_miningfuelmeter_8" layername="timeline_0" frame="0" z_index="9" m_a="1.500000" m_b="0.000000" m_c="0.000000" m_d="1.500000" m_tx="1.000000" m_ty="1.000000"/>
  </frame>
  <frame idx="25" w="1080" h="1085" x="-85.880569" y="-89.500000">
   <element name="swap_miningfuelmeter_8" layername="timeline_0" frame="0" z_index="9" m_a="1.500000" m_b="0.000000" m_c="0.000000" m_d="1.500000" m_tx="1.000000" m_ty="1.000000"/>
  </frame>
  <frame idx="50" w="1080" h="1085" x="-85.880569" y="-89.500000">
   <element name="swap_miningfuelmeter_8" layername="timeline_0" frame="0" z_index="9" m_a="1.500000" m_b="0.000000" m_c="0.000000" m_d="1.500000" m_tx="1.000000" m_ty="1.000000"/>
  </frame>
  <frame idx="75" w="1080" h="1085" x="-85.880569" y="-89.500000">
   <element name="swap_miningfuelmeter_8" layername="timeline_0" frame="0" z_index="9" m_a="1.500000" m_b="0.000000" m_c="0.000000" m_d="1.500000" m_tx="1.000000" m_ty="1.000000"/>
  </frame>
  <frame idx="100" w="1080" h="1085" x="-85.880569" y="-89.500000">
   <element name="swap_miningfuelmeter_8" layername="timeline_0" frame="0" z_index="9" m_a="1.500000" m_b="0.000000" m_c="0.000000" m_d="1.500000" m_tx="1.000000" m_ty="1.000000"/>
  </frame>
  <frame idx="125" w="1080" h="1085" x="-85.880569" y="-89.500000">
   <element name="swap_miningfuelmeter_8" layername="timeline_0" frame="0" z_index="9" m_a="1.500000" m_b="0.000000" m_c="0.000000" m_d="1.500000" m_tx="1.000000" m_ty="1.000000"/>
  </frame>
  <frame idx="150" w="1080" h="1085" x="-85.880569" y="-89.500000">
   <element name="swap_miningfuelmeter_8" layername="timeline_0" frame="0" z_index="9" m_a="1.500000" m_b="0.000000" m_c="0.000000" m_d="1.500000" m_tx="1.000000" m_ty="1.000000"/>
  </frame>
  <frame idx="175" w="1080" h="1085" x="-85.880569" y="-89.500000">
   <element name="swap_miningfuelmeter_8" layername="timeline_0" frame="0" z_index="9" m_a="1.500000" m_b="0.000000" m_c="0.000000" m_d="1.500000" m_tx="1.000000" m_ty="1.000000"/>
  </frame>
  <frame idx="200" w="1080" h="1085" x="-85.880569" y="-89.500000">
   <element name="swap_miningfuelmeter_8" layername="timeline_0" frame="0" z_index="9" m_a="1.500000" m_b="0.000000" m_c="0.000000" m_d="1.500000" m_tx="1.000000" m_ty="1.000000"/>
  </frame>
  <frame idx="225" w="1080" h="1085" x="-85.880569" y="-89.500000">
   <element name="swap_miningfuelmeter_8" layername="timeline_0" frame="0" z_index="9" m_a="1.500000" m_b="0.000000" m_c="0.000000" m_d="1.500000" m_tx="1.000000" m_ty="1.000000"/>
  </frame>
  <frame idx="250" w="1080" h="1085" x="-85.880569" y="-89.500000">
   <element name="swap_miningfuelmeter_8" layername="timeline_0" frame="0" z_index="9" m_a="1.500000" m_b="0.000000" m_c="0.000000" m_d="1.500000" m_tx="1.000000" m_ty="1.000000"/>
  </frame>
  <frame idx="275" w="1080" h="1085" x="-85.880569" y="-89.500000">
   <element name="swap_miningfuelmeter_8" layername="timeline_0" frame="0" z_index="9" m_a="1.500000" m_b="0.000000" m_c="0.000000" m_d="1.500000" m_tx="1.000000" m_ty="1.000000"/>
  </frame>
  <frame idx="300" w="1080" h="1085" x="-85.880569" y="-89.500000">
   <element name="swap_miningfuelmeter_8" layername="timeline_0" frame="0" z_index="9" m_a="1.500000" m_b="0.000000" m_c="0.000000" m_d="1.500000" m_tx="1.000000" m_ty="1.000000"/>
  </frame>
  <frame idx="325" w="1080" h="1085" x="-85.880569" y="-89.500000">
   <element name="swap_miningfuelmeter_8" layername="timeline_0" frame="0" z_index="9" m_a="1.500000" m_b="0.000000" m_c="0.000000" m_d="1.500000" m_tx="1.000000" m_ty="1.000000"/>
  </frame>
  <frame idx="350" w="1080" h="1085" x="-85.880569" y="-89.500000">
   <element name="swap_miningfuelmeter_8" layername="timeline_0" frame="0" z_index="9" m_a="1.500000" m_b="0.000000" m_c="0.000000" m_d="1.500000" m_tx="1.000000" m_ty="1.000000"/>
  </frame>
  <frame idx="375" w="1080" h="1085" x="-85.880569" y="-89.500000">
   <element name="swap_miningfuelmeter_8" layername="timeline_0" frame="0" z_index="9" m_a="1.500000" m_b="0.000000" m_c="0.000000" m_d="1.500000" m_tx="1.000000" m_ty="1.000000"/>
  </frame>
  <frame idx="400" w="1080" h="1085" x="-85.880569" y="-89.500000">
   <element name="swap_miningfuelmeter_8" layername="timeline_0" frame="0" z_index="9" m_a="1.500000" m_b="0.000000" m_c="0.000000" m_d="1.500000" m_tx="1.000000" m_ty="1.000000"/>
  </frame>
  <frame idx="425" w="1080" h="1085" x="-85.880569" y="-89.500000">
   <element name="swap_miningfuelmeter_8" layername="timeline_0" frame="0" z_index="9" m_a="1.500000" m_b="0.000000" m_c="0.000000" m_d="1.500000" m_tx="1.000000" m_ty="1.000000"/>
  </frame>
  <frame idx="450" w="1080" h="1085" x="-85.880569" y="-89.500000">
   <element name="swap_miningfuelmeter_8" layername="timeline_0" frame="0" z_index="9" m_a="1.500000" m_b="0.000000" m_c="0.000000" m_d="1.500000" m_tx="1.000000" m_ty="1.000000"/>
  </frame>
  <frame idx="475" w="1080" h="1085" x="-85.880569" y="-89.500000">
   <element name="swap_miningfuelmeter_8" layername="timeline_0" frame="0" z_index="9" m_a="1.500000" m_b="0.000000" m_c="0.000000" m_d="1.500000" m_tx="1.000000" m_ty="1.000000"/>
  </frame>
  <frame idx="500" w="1080" h="1085" x="-85.880569" y="-89.500000">
   <element name="swap_miningfuelmeter_8" layername="timeline_0" frame="0" z_index="9" m_a="1.500000" m_b="0.000000" m_c="0.000000" m_d="1.500000" m_tx="1.000000" m_ty="1.000000"/>
  </frame>
  <frame idx="525" w="1080" h="1085" x="-85.880569" y="-89.500000">
   <element name="swap_miningfuelmeter_8" layername="timeline_0" frame="0" z_index="9" m_a="1.500000" m_b="0.000000" m_c="0.000000" m_d="1.500000" m_tx="1.000000" m_ty="1.000000"/>
  </frame>
  <frame idx="550" w="1080" h="1085" x="-85.880569" y="-89.500000">
   <element name="swap_miningfuelmeter_8" layername="timeline_0" frame="0" z_index="9" m_a="1.500000" m_b="0.000000" m_c="0.000000" m_d="1.500000" m_tx="1.000000" m_ty="1.000000"/>
  </frame>
  <frame idx="575" w="1080" h="1085" x="-85.880569" y="-89.500000">
   <element name="swap_miningfuelmeter_8" layername="timeline_0" frame="0" z_index="9" m_a="1.500000" m_b="0.000000" m_c="0.000000" m_d="1.500000" m_tx="1.000000" m_ty="1.000000"/>
  </frame>
  <frame idx="600" w="1080" h="1085" x="-85.880569" y="-89.500000">
   <element name="swap_miningfuelmeter_8" layername="timeline_0" frame="0" z_index="9" m_a="1.500000" m_b="0.000000" m_c="0.000000" m_d="1.500000" m_tx="1.000000" m_ty="1.000000"/>
  </frame>
  <frame idx="625" w="1080" h="1085" x="-85.880569" y="-89.500000">
   <element name="swap_miningfuelmeter_8" layername="timeline_0" frame="0" z_index="9" m_a="1.500000" m_b="0.000000" m_c="0.000000" m_d="1.500000" m_tx="1.000000" m_ty="1.000000"/>
  </frame>
  <frame idx="650" w="1080" h="1085" x="-85.880569" y="-89.500000">
   <element name="swap_miningfuelmeter_8" layername="timeline_0" frame="0" z_index="9" m_a="1.500000" m_b="0.000000" m_c="0.000000" m_d="1.500000" m_tx="1.000000" m_ty="1.000000"/>
  </frame>
  <frame idx="675" w="1080" h="1085" x="-85.880569" y="-89.500000">
   <element name="swap_miningfuelmeter_8" layername="timeline_0" frame="0" z_index="9" m_a="1.500000" m_b="0.000000" m_c="0.000000" m_d="1.500000" m_tx="1.000000" m_ty="1.000000"/>
  </frame>
  <frame idx="700" w="1080" h="1085" x="-85.880569" y="-89.500000">
   <element name="swap_miningfuelmeter_8" layername="timeline_0" frame="0" z_index="9" m_a="1.500000" m_b="0.000000" m_c="0.000000" m_d="1.500000" m_tx="1.000000" m_ty="1.000000"/>
  </frame>
  <frame idx="725" w="1080" h="1085" x="-85.880569" y="-89.500000">
   <element name="swap_miningfuelmeter_8" layername="timeline_0" frame="0" z_index="9" m_a="1.500000" m_b="0.000000" m_c="0.000000" m_d="1.500000" m_tx="1.000000" m_ty="1.000000"/>
  </frame>
  <frame idx="750" w="1080" h="1085" x="-85.880569" y="-89.500000">
   <element name="swap_miningfuelmeter_8" layername="timeline_0" frame="0" z_index="9" m_a="1.500000" m_b="0.000000" m_c="0.000000" m_d="1.500000" m_tx="1.000000" m_ty="1.000000"/>
  </frame>
  <frame idx="775" w="1080" h="1085" x="-85.880569" y="-89.500000">
   <element name="swap_miningfuelmeter_8" layername="timeline_0" frame="0" z_index="9" m_a="1.500000" m_b="0.000000" m_c="0.000000" m_d="1.500000" m_tx="1.000000" m_ty="1.000000"/>
  </frame>
  <frame idx="800" w="1080" h="1085" x="-85.880569" y="-89.500000">
   <element name="swap_miningfuelmeter_8" layername="timeline_0" frame="0" z_index="9" m_a="1.500000" m_b="0.000000" m_c="0.000000" m_d="1.500000" m_tx="1.000000" m_ty="1.000000"/>
  </frame>
  <frame idx="825" w="1080" h="1085" x="-85.880569" y="-89.500000">
   <element name="swap_miningfuelmeter_8" layername="timeline_0" frame="0" z_index="9" m_a="1.500000" m_b="0.000000" m_c="0.000000" m_d="1.500000" m_tx="1.000000" m_ty="1.000000"/>
  </frame>
  <frame idx="850" w="1080" h="1085" x="-85.880569" y="-89.500000">
   <element name="swap_miningfuelmeter_8" layername="timeline_0" frame="0" z_index="9" m_a="1.500000" m_b="0.000000" m_c="0.000000" m_d="1.500000" m_tx="1.000000" m_ty="1.000000"/>
  </frame>
  <frame idx="875" w="1080" h="1085" x="-85.880569" y="-89.500000">
   <element name="swap_miningfuelmeter_8" layername="timeline_0" frame="0" z_index="9" m_a="1.500000" m_b="0.000000" m_c="0.000000" m_d="1.500000" m_tx="1.000000" m_ty="1.000000"/>
  </frame>
  <frame idx="900" w="1080" h="1085" x="-85.880569" y="-89.500000">
   <element name="swap_miningfuelmeter_8" layername="timeline_0" frame="0" z_index="9" m_a="1.500000" m_b="0.000000" m_c="0.000000" m_d="1.500000" m_tx="1.000000" m_ty="1.000000"/>
  </frame>
  <frame idx="925" w="1080" h="1085" x="-85.880569" y="-89.500000">
   <element name="swap_miningfuelmeter_8" layername="timeline_0" frame="0" z_index="9" m_a="1.500000" m_b="0.000000" m_c="0.000000" m_d="1.500000" m_tx="1.000000" m_ty="1.000000"/>
  </frame>
  <frame idx="950" w="1080" h="1085" x="-85.880569" y="-89.500000">
   <element name="swap_miningfuelmeter_8" layername="timeline_0" frame="0" z_index="9" m_a="1.500000" m_b="0.000000" m_c="0.000000" m_d="1.500000" m_tx="1.000000" m_ty="1.000000"/>
  </frame>
  <frame idx="975" w="1080" h="1085" x="-85.880569" y="-89.500000">
   <element name="swap_miningfuelmeter_8" layername="timeline_0" frame="0" z_index="9" m_a="1.500000" m_b="0.000000" m_c="0.000000" m_d="1.500000" m_tx="1.000000" m_ty="1.000000"/>
  </frame>
 </anim>
</Anims>
