<Anims>
 <anim name="close" root="ui_mms_2x2" numframes="300" framerate="40">
  <frame idx="0" w="217" h="218" x="-18.319090" y="-18.224905">
   <element name="symbol0" layername="timeline_0" frame="0" z_index="11" m_a="0.450000" m_b="0.000000" m_c="0.000000" m_d="0.850000" m_tx="-89.369087" m_ty="-90.249908"/>
  </frame>
  <frame idx="25" w="230" h="128" x="-19.130865" y="-10.622967">
   <element name="symbol0" layername="timeline_0" frame="0" z_index="11" m_a="0.478125" m_b="0.000000" m_c="0.000000" m_d="0.496023" m_tx="-94.777740" m_ty="-52.449429"/>
  </frame>
  <frame idx="50" w="226" h="68" x="-18.589813" y="-5.857291">
   <element name="symbol0" layername="timeline_0" frame="0" z_index="11" m_a="0.471084" m_b="0.000000" m_c="0.000000" m_d="0.259119" m_tx="-93.335434" m_ty="-27.453436"/>
  </frame>
  <frame idx="75" w="197" h="52" x="-16.269526" y="-5.096011">
   <element name="symbol0" layername="timeline_0" frame="0" z_index="11" m_a="0.411292" m_b="0.000000" m_c="0.000000" m_d="0.197823" m_tx="-81.616684" m_ty="-21.664173"/>
  </frame>
  <frame idx="100" w="188" h="44" x="-15.799206" y="-4.615138">
   <element name="symbol0" layername="timeline_0" frame="0" z_index="11" m_a="0.391082" m_b="0.000000" m_c="0.000000" m_d="0.161922" m_tx="-77.624580" m_ty="-17.859800"/>
  </frame>
  <frame idx="125" w="183" h="35" x="-15.291379" y="-3.454366">
   <element name="symbol0" layername="timeline_0" frame="0" z_index="11" m_a="0.380768" m_b="0.000000" m_c="0.000000" m_d="0.132369" m_tx="-75.564140" m_ty="-14.551650"/>
  </frame>
  <frame idx="150" w="178" h="28" x="-14.783553" y="-2.793595">
   <element name="symbol0" layername="timeline_0" frame="0" z_index="11" m_a="0.370453" m_b="0.000000" m_c="0.000000" m_d="0.102816" m_tx="-73.503700" m_ty="-11.243499"/>
  </frame>
  <frame idx="175" w="167" h="23" x="-13.855743" y="-1.879741">
   <element name="symbol0" layername="timeline_0" frame="0" z_index="11" m_a="0.348347" m_b="0.000000" m_c="0.000000" m_d="0.088430" m_tx="-69.176781" m_ty="-9.297528"/>
  </frame>
  <frame idx="200" w="156" h="20" x="-12.927927" y="-1.465888">
   <element name="symbol0" layername="timeline_0" frame="0" z_index="11" m_a="0.326241" m_b="0.000000" m_c="0.000000" m_d="0.074044" m_tx="-64.849854" m_ty="-7.351558"/>
  </frame>
  <frame idx="225" w="153" h="15" x="-13.005668" y="-0.688611">
   <element name="symbol0" layername="timeline_0" frame="0" z_index="11" m_a="0.317396" m_b="0.000000" m_c="0.000000" m_d="0.059166" m_tx="-63.167522" m_ty="-5.489771"/>
  </frame>
  <frame idx="250" w="173" h="11" x="-14.605639" y="-0.457649">
   <element name="symbol0" layername="timeline_0" frame="0" z_index="11" m_a="0.361597" m_b="0.000000" m_c="0.000000" m_d="0.042320" m_tx="-72.063538" m_ty="-3.964716"/>
  </frame>
  <frame idx="275" w="195" h="6" x="-16.705608" y="-0.226686">
   <element name="symbol0" layername="timeline_0" frame="0" z_index="11" m_a="0.405799" m_b="0.000000" m_c="0.000000" m_d="0.025474" m_tx="-80.959557" m_ty="-2.439660"/>
  </frame>
 </anim>
 <anim name="open" root="ui_mms_2x2" numframes="350" framerate="40">
  <frame idx="0" w="-2147483648" h="2" x="1919071279141730400000000.000000" y="-0.500000"/>
  <frame idx="25" w="-2147483648" h="2" x="1919071279141730400000000.000000" y="-0.500000"/>
  <frame idx="50" w="217" h="6" x="-18.611719" y="-0.197306">
   <element name="symbol0" layername="timeline_0" frame="0" z_index="11" m_a="0.451744" m_b="0.000000" m_c="0.000000" m_d="0.025083" m_tx="-90.008774" m_ty="-2.368646"/>
  </frame>
  <frame idx="75" w="214" h="14" x="-18.078764" y="-0.719023">
   <element name="symbol0" layername="timeline_0" frame="0" z_index="11" m_a="0.447086" m_b="0.000000" m_c="0.000000" m_d="0.054123" m_tx="-89.048897" m_ty="-4.983171"/>
  </frame>
  <frame idx="100" w="213" h="22" x="-17.672310" y="-1.757451">
   <element name="symbol0" layername="timeline_0" frame="0" z_index="11" m_a="0.442429" m_b="0.000000" m_c="0.000000" m_d="0.083164" m_tx="-87.715736" m_ty="-8.614456"/>
  </frame>
  <frame idx="125" w="179" h="55" x="-14.518270" y="-4.555172">
   <element name="symbol0" layername="timeline_0" frame="0" z_index="11" m_a="0.373823" m_b="0.000000" m_c="0.000000" m_d="0.207868" m_tx="-73.909081" m_ty="-21.693098"/>
  </frame>
  <frame idx="150" w="146" h="87" x="-11.874745" y="-6.822033">
   <element name="symbol0" layername="timeline_0" frame="0" z_index="11" m_a="0.302552" m_b="0.000000" m_c="0.000000" m_d="0.336557" m_tx="-59.582691" m_ty="-35.165382"/>
  </frame>
  <frame idx="175" w="152" h="119" x="-12.461838" y="-9.254583">
   <element name="symbol0" layername="timeline_0" frame="0" z_index="11" m_a="0.315241" m_b="0.000000" m_c="0.000000" m_d="0.463264" m_tx="-62.194870" m_ty="-48.592239"/>
  </frame>
  <frame idx="200" w="164" h="152" x="-13.580369" y="-12.209732">
   <element name="symbol0" layername="timeline_0" frame="0" z_index="11" m_a="0.339379" m_b="0.000000" m_c="0.000000" m_d="0.589701" m_tx="-67.116852" m_ty="-62.012901"/>
  </frame>
  <frame idx="225" w="174" h="184" x="-14.198906" y="-14.664872">
   <element name="symbol0" layername="timeline_0" frame="0" z_index="11" m_a="0.363517" m_b="0.000000" m_c="0.000000" m_d="0.716138" m_tx="-72.038834" m_ty="-75.433563"/>
  </frame>
  <frame idx="250" w="188" h="209" x="-15.796968" y="-16.702995">
   <element name="symbol0" layername="timeline_0" frame="0" z_index="11" m_a="0.390727" m_b="0.000000" m_c="0.000000" m_d="0.818667" m_tx="-77.551697" m_ty="-86.390991"/>
  </frame>
  <frame idx="275" w="203" h="227" x="-16.864334" y="-18.365568">
   <element name="symbol0" layername="timeline_0" frame="0" z_index="11" m_a="0.422545" m_b="0.000000" m_c="0.000000" m_d="0.885333" m_tx="-83.950882" m_ty="-93.653564"/>
  </frame>
  <frame idx="300" w="218" h="244" x="-18.431702" y="-20.028128">
   <element name="symbol0" layername="timeline_0" frame="0" z_index="11" m_a="0.454364" m_b="0.000000" m_c="0.000000" m_d="0.952000" m_tx="-90.350067" m_ty="-100.916130"/>
  </frame>
  <frame idx="325" w="215" h="242" x="-17.774006" y="-20.383127">
   <element name="symbol0" layername="timeline_0" frame="0" z_index="11" m_a="0.448918" m_b="0.000000" m_c="0.000000" m_d="0.940590" m_tx="-89.108696" m_ty="-100.055977"/>
  </frame>
 </anim>
 <anim name="close" root="ui_mms_2x3" numframes="300" framerate="40">
  <frame idx="0" w="217" h="333" x="-18.319090" y="-27.579271">
   <element name="symbol0" layername="timeline_0" frame="0" z_index="11" m_a="0.450000" m_b="0.000000" m_c="0.000000" m_d="1.300000" m_tx="-89.369087" m_ty="-138.029266"/>
  </frame>
  <frame idx="25" w="230" h="195" x="-19.130865" y="-15.923404">
   <element name="symbol0" layername="timeline_0" frame="0" z_index="11" m_a="0.478125" m_b="0.000000" m_c="0.000000" m_d="0.758623" m_tx="-94.777740" m_ty="-80.216766"/>
  </frame>
  <frame idx="50" w="226" h="103" x="-18.589813" y="-8.781813">
   <element name="symbol0" layername="timeline_0" frame="0" z_index="11" m_a="0.471084" m_b="0.000000" m_c="0.000000" m_d="0.396298" m_tx="-93.335434" m_ty="-41.987602"/>
  </frame>
  <frame idx="75" w="197" h="80" x="-16.269526" y="-7.911626">
   <element name="symbol0" layername="timeline_0" frame="0" z_index="11" m_a="0.411292" m_b="0.000000" m_c="0.000000" m_d="0.302552" m_tx="-81.616684" m_ty="-33.133438"/>
  </frame>
  <frame idx="100" w="188" h="65" x="-15.799206" y="-6.440854">
   <element name="symbol0" layername="timeline_0" frame="0" z_index="11" m_a="0.391082" m_b="0.000000" m_c="0.000000" m_d="0.247644" m_tx="-77.624580" m_ty="-27.314985"/>
  </frame>
  <frame idx="125" w="183" h="55" x="-15.291379" y="-5.694942">
   <element name="symbol0" layername="timeline_0" frame="0" z_index="11" m_a="0.380768" m_b="0.000000" m_c="0.000000" m_d="0.202446" m_tx="-75.564140" m_ty="-22.255463"/>
  </frame>
  <frame idx="150" w="178" h="42" x="-14.783553" y="-3.949026">
   <element name="symbol0" layername="timeline_0" frame="0" z_index="11" m_a="0.370453" m_b="0.000000" m_c="0.000000" m_d="0.157248" m_tx="-73.503700" m_ty="-17.195938"/>
  </frame>
  <frame idx="175" w="167" h="35" x="-13.855743" y="-2.816103">
   <element name="symbol0" layername="timeline_0" frame="0" z_index="11" m_a="0.348347" m_b="0.000000" m_c="0.000000" m_d="0.135246" m_tx="-69.176781" m_ty="-14.219748"/>
  </frame>
  <frame idx="200" w="156" h="29" x="-12.927927" y="-1.683179">
   <element name="symbol0" layername="timeline_0" frame="0" z_index="11" m_a="0.326241" m_b="0.000000" m_c="0.000000" m_d="0.113243" m_tx="-64.849854" m_ty="-11.243559"/>
  </frame>
  <frame idx="225" w="153" h="23" x="-13.005668" y="-0.759127">
   <element name="symbol0" layername="timeline_0" frame="0" z_index="11" m_a="0.317396" m_b="0.000000" m_c="0.000000" m_d="0.090488" m_tx="-63.167522" m_ty="-8.396119"/>
  </frame>
  <frame idx="250" w="173" h="16" x="-14.605639" y="-0.670563">
   <element name="symbol0" layername="timeline_0" frame="0" z_index="11" m_a="0.361597" m_b="0.000000" m_c="0.000000" m_d="0.064724" m_tx="-72.063538" m_ty="-6.063683"/>
  </frame>
  <frame idx="275" w="195" h="10" x="-16.705608" y="-0.581999">
   <element name="symbol0" layername="timeline_0" frame="0" z_index="11" m_a="0.405799" m_b="0.000000" m_c="0.000000" m_d="0.038960" m_tx="-80.959557" m_ty="-3.731245"/>
  </frame>
 </anim>
 <anim name="open" root="ui_mms_2x3" numframes="350" framerate="40">
  <frame idx="0" w="-2147483648" h="2" x="1919071279141730400000000.000000" y="-0.500000"/>
  <frame idx="25" w="-2147483648" h="2" x="1919071279141730400000000.000000" y="-0.500000"/>
  <frame idx="50" w="232" h="10" x="-19.619785" y="-0.552885">
   <element name="symbol0" layername="timeline_0" frame="0" z_index="11" m_a="0.484011" m_b="0.000000" m_c="0.000000" m_d="0.037054" m_tx="-96.437973" m_ty="-3.499136"/>
  </frame>
  <frame idx="75" w="230" h="20" x="-19.584278" y="-0.846314">
   <element name="symbol0" layername="timeline_0" frame="0" z_index="11" m_a="0.479021" m_b="0.000000" m_c="0.000000" m_d="0.079955" m_tx="-95.409531" m_ty="-7.361502"/>
  </frame>
  <frame idx="100" w="227" h="33" x="-18.648859" y="-2.641741">
   <element name="symbol0" layername="timeline_0" frame="0" z_index="11" m_a="0.474032" m_b="0.000000" m_c="0.000000" m_d="0.122856" m_tx="-93.981148" m_ty="-12.725900"/>
  </frame>
  <frame idx="125" w="192" h="80" x="-15.483843" y="-6.342895">
   <element name="symbol0" layername="timeline_0" frame="0" z_index="11" m_a="0.400525" m_b="0.000000" m_c="0.000000" m_d="0.307077" m_tx="-79.188301" m_ty="-32.046619"/>
  </frame>
  <frame idx="150" w="156" h="128" x="-12.330088" y="-9.998458">
   <element name="symbol0" layername="timeline_0" frame="0" z_index="11" m_a="0.324163" m_b="0.000000" m_c="0.000000" m_d="0.497187" m_tx="-63.838600" m_ty="-51.948856"/>
  </frame>
  <frame idx="175" w="162" h="176" x="-12.923392" y="-13.898821">
   <element name="symbol0" layername="timeline_0" frame="0" z_index="11" m_a="0.337759" m_b="0.000000" m_c="0.000000" m_d="0.684368" m_tx="-66.637360" m_ty="-71.783989"/>
  </frame>
  <frame idx="200" w="174" h="223" x="-14.050392" y="-17.832556">
   <element name="symbol0" layername="timeline_0" frame="0" z_index="11" m_a="0.363621" m_b="0.000000" m_c="0.000000" m_d="0.871149" m_tx="-71.910912" m_ty="-91.609962"/>
  </frame>
  <frame idx="225" w="188" h="270" x="-15.677393" y="-21.266293">
   <element name="symbol0" layername="timeline_0" frame="0" z_index="11" m_a="0.389483" m_b="0.000000" m_c="0.000000" m_d="1.057931" m_tx="-77.184464" m_ty="-111.435951"/>
  </frame>
  <frame idx="250" w="201" h="309" x="-16.782469" y="-24.822609">
   <element name="symbol0" layername="timeline_0" frame="0" z_index="11" m_a="0.418636" m_b="0.000000" m_c="0.000000" m_d="1.209394" m_tx="-83.091103" m_ty="-127.623055"/>
  </frame>
  <frame idx="275" w="218" h="334" x="-18.354643" y="-27.062752">
   <element name="symbol0" layername="timeline_0" frame="0" z_index="11" m_a="0.452727" m_b="0.000000" m_c="0.000000" m_d="1.307879" m_tx="-89.947372" m_ty="-138.351837"/>
  </frame>
  <frame idx="300" w="233" h="359" x="-19.426821" y="-29.302919">
   <element name="symbol0" layername="timeline_0" frame="0" z_index="11" m_a="0.486818" m_b="0.000000" m_c="0.000000" m_d="1.406364" m_tx="-96.803642" m_ty="-149.080643"/>
  </frame>
  <frame idx="325" w="231" h="357" x="-19.257862" y="-29.827351">
   <element name="symbol0" layername="timeline_0" frame="0" z_index="11" m_a="0.480984" m_b="0.000000" m_c="0.000000" m_d="1.389508" m_tx="-95.473602" m_ty="-147.809967"/>
  </frame>
 </anim>
 <anim name="close" root="ui_mms_3x3" numframes="300" framerate="40">
  <frame idx="0" w="297" h="333" x="-24.750744" y="-27.579271">
   <element name="symbol0" layername="timeline_0" frame="0" z_index="11" m_a="0.620000" m_b="0.000000" m_c="0.000000" m_d="1.300000" m_tx="-123.130745" m_ty="-138.029266"/>
  </frame>
  <frame idx="25" w="316" h="195" x="-25.991423" y="-15.923404">
   <element name="symbol0" layername="timeline_0" frame="0" z_index="11" m_a="0.658750" m_b="0.000000" m_c="0.000000" m_d="0.758623" m_tx="-130.582672" m_ty="-80.216766"/>
  </frame>
  <frame idx="50" w="311" h="103" x="-25.434837" y="-8.781813">
   <element name="symbol0" layername="timeline_0" frame="0" z_index="11" m_a="0.649049" m_b="0.000000" m_c="0.000000" m_d="0.396298" m_tx="-128.595490" m_ty="-41.987602"/>
  </frame>
  <frame idx="75" w="272" h="80" x="-22.682371" y="-7.911626">
   <element name="symbol0" layername="timeline_0" frame="0" z_index="11" m_a="0.566670" m_b="0.000000" m_c="0.000000" m_d="0.302552" m_tx="-112.449654" m_ty="-33.133438"/>
  </frame>
  <frame idx="100" w="258" h="65" x="-21.223219" y="-6.440854">
   <element name="symbol0" layername="timeline_0" frame="0" z_index="11" m_a="0.538825" m_b="0.000000" m_c="0.000000" m_d="0.247644" m_tx="-106.949425" m_ty="-27.314985"/>
  </frame>
  <frame idx="125" w="251" h="55" x="-20.712399" y="-5.694942">
   <element name="symbol0" layername="timeline_0" frame="0" z_index="11" m_a="0.524614" m_b="0.000000" m_c="0.000000" m_d="0.202446" m_tx="-104.110603" m_ty="-22.255463"/>
  </frame>
  <frame idx="150" w="245" h="42" x="-20.201582" y="-3.949026">
   <element name="symbol0" layername="timeline_0" frame="0" z_index="11" m_a="0.510403" m_b="0.000000" m_c="0.000000" m_d="0.157248" m_tx="-101.271774" m_ty="-17.195938"/>
  </frame>
  <frame idx="175" w="231" h="35" x="-19.301083" y="-2.816103">
   <element name="symbol0" layername="timeline_0" frame="0" z_index="11" m_a="0.479945" m_b="0.000000" m_c="0.000000" m_d="0.135246" m_tx="-95.310234" m_ty="-14.219748"/>
  </frame>
  <frame idx="200" w="215" h="29" x="-17.900593" y="-1.683179">
   <element name="symbol0" layername="timeline_0" frame="0" z_index="11" m_a="0.449488" m_b="0.000000" m_c="0.000000" m_d="0.113243" m_tx="-89.348701" m_ty="-11.243559"/>
  </frame>
  <frame idx="225" w="211" h="23" x="-18.007742" y="-0.759127">
   <element name="symbol0" layername="timeline_0" frame="0" z_index="11" m_a="0.437302" m_b="0.000000" m_c="0.000000" m_d="0.090488" m_tx="-87.030815" m_ty="-8.396119"/>
  </frame>
  <frame idx="250" w="239" h="16" x="-20.145502" y="-0.670563">
   <element name="symbol0" layername="timeline_0" frame="0" z_index="11" m_a="0.498201" m_b="0.000000" m_c="0.000000" m_d="0.064724" m_tx="-99.287552" m_ty="-6.063683"/>
  </frame>
  <frame idx="275" w="268" h="10" x="-22.783257" y="-0.581999">
   <element name="symbol0" layername="timeline_0" frame="0" z_index="11" m_a="0.559101" m_b="0.000000" m_c="0.000000" m_d="0.038960" m_tx="-111.544281" m_ty="-3.731245"/>
  </frame>
 </anim>
 <anim name="open" root="ui_mms_3x3" numframes="350" framerate="40">
  <frame idx="0" w="-2147483648" h="2" x="1919071279141730400000000.000000" y="-0.500000"/>
  <frame idx="25" w="-2147483648" h="2" x="1919071279141730400000000.000000" y="-0.500000"/>
  <frame idx="50" w="320" h="10" x="-27.164965" y="-0.552885">
   <element name="symbol0" layername="timeline_0" frame="0" z_index="11" m_a="0.666860" m_b="0.000000" m_c="0.000000" m_d="0.037054" m_tx="-132.870102" m_ty="-3.499136"/>
  </frame>
  <frame idx="75" w="316" h="20" x="-26.616123" y="-0.846314">
   <element name="symbol0" layername="timeline_0" frame="0" z_index="11" m_a="0.659985" m_b="0.000000" m_c="0.000000" m_d="0.079955" m_tx="-131.453140" m_ty="-7.361502"/>
  </frame>
  <frame idx="100" w="312" h="33" x="-25.516243" y="-2.641741">
   <element name="symbol0" layername="timeline_0" frame="0" z_index="11" m_a="0.653110" m_b="0.000000" m_c="0.000000" m_d="0.122856" m_tx="-129.485138" m_ty="-12.725900"/>
  </frame>
  <frame idx="125" w="264" h="80" x="-21.288872" y="-6.342895">
   <element name="symbol0" layername="timeline_0" frame="0" z_index="11" m_a="0.551834" m_b="0.000000" m_c="0.000000" m_d="0.307077" m_tx="-109.103882" m_ty="-32.046619"/>
  </frame>
  <frame idx="150" w="214" h="128" x="-17.077015" y="-9.998458">
   <element name="symbol0" layername="timeline_0" frame="0" z_index="11" m_a="0.446625" m_b="0.000000" m_c="0.000000" m_d="0.497187" m_tx="-87.955406" m_ty="-51.948856"/>
  </frame>
  <frame idx="175" w="224" h="176" x="-18.205570" y="-13.898821">
   <element name="symbol0" layername="timeline_0" frame="0" z_index="11" m_a="0.465356" m_b="0.000000" m_c="0.000000" m_d="0.684368" m_tx="-91.811478" m_ty="-71.783989"/>
  </frame>
  <frame idx="200" w="241" h="224" x="-19.880547" y="-17.832556">
   <element name="symbol0" layername="timeline_0" frame="0" z_index="11" m_a="0.500988" m_b="0.000000" m_c="0.000000" m_d="0.871149" m_tx="-99.077255" m_ty="-91.609962"/>
  </frame>
  <frame idx="225" w="257" h="270" x="-21.055513" y="-21.266293">
   <element name="symbol0" layername="timeline_0" frame="0" z_index="11" m_a="0.536621" m_b="0.000000" m_c="0.000000" m_d="1.057931" m_tx="-106.343040" m_ty="-111.435951"/>
  </frame>
  <frame idx="250" w="276" h="309" x="-22.700281" y="-24.822609">
   <element name="symbol0" layername="timeline_0" frame="0" z_index="11" m_a="0.576788" m_b="0.000000" m_c="0.000000" m_d="1.209394" m_tx="-114.481071" m_ty="-127.623055"/>
  </frame>
  <frame idx="275" w="299" h="334" x="-24.799728" y="-27.062752">
   <element name="symbol0" layername="timeline_0" frame="0" z_index="11" m_a="0.623758" m_b="0.000000" m_c="0.000000" m_d="1.307879" m_tx="-123.927490" m_ty="-138.351837"/>
  </frame>
  <frame idx="300" w="321" h="359" x="-26.899193" y="-29.302919">
   <element name="symbol0" layername="timeline_0" frame="0" z_index="11" m_a="0.670727" m_b="0.000000" m_c="0.000000" m_d="1.406364" m_tx="-133.373917" m_ty="-149.080643"/>
  </frame>
  <frame idx="325" w="317" h="357" x="-26.166403" y="-29.827351">
   <element name="symbol0" layername="timeline_0" frame="0" z_index="11" m_a="0.662688" m_b="0.000000" m_c="0.000000" m_d="1.389508" m_tx="-131.541412" m_ty="-147.809967"/>
  </frame>
 </anim>
 <anim name="close" root="ui_mms_4x3" numframes="300" framerate="40">
  <frame idx="0" w="422" h="333" x="-35.146221" y="-27.579271">
   <element name="symbol0" layername="timeline_0" frame="0" z_index="11" m_a="0.880000" m_b="0.000000" m_c="0.000000" m_d="1.300000" m_tx="-174.766220" m_ty="-138.029266"/>
  </frame>
  <frame idx="25" w="448" h="195" x="-36.778141" y="-15.923404">
   <element name="symbol0" layername="timeline_0" frame="0" z_index="11" m_a="0.935000" m_b="0.000000" m_c="0.000000" m_d="0.758623" m_tx="-185.343140" m_ty="-80.216766"/>
  </frame>
  <frame idx="50" w="441" h="103" x="-36.197807" y="-8.781813">
   <element name="symbol0" layername="timeline_0" frame="0" z_index="11" m_a="0.921230" m_b="0.000000" m_c="0.000000" m_d="0.396298" m_tx="-182.522629" m_ty="-41.987602"/>
  </frame>
  <frame idx="75" w="386" h="80" x="-32.049091" y="-7.911626">
   <element name="symbol0" layername="timeline_0" frame="0" z_index="11" m_a="0.804306" m_b="0.000000" m_c="0.000000" m_d="0.302552" m_tx="-159.605957" m_ty="-33.133438"/>
  </frame>
  <frame idx="100" w="366" h="66" x="-30.107147" y="-6.440854">
   <element name="symbol0" layername="timeline_0" frame="0" z_index="11" m_a="0.764784" m_b="0.000000" m_c="0.000000" m_d="0.247644" m_tx="-151.799194" m_ty="-27.314985"/>
  </frame>
  <frame idx="125" w="357" h="55" x="-29.591885" y="-5.694942">
   <element name="symbol0" layername="timeline_0" frame="0" z_index="11" m_a="0.744613" m_b="0.000000" m_c="0.000000" m_d="0.202446" m_tx="-147.769882" m_ty="-22.255463"/>
  </frame>
  <frame idx="150" w="347" h="42" x="-28.576626" y="-3.949026">
   <element name="symbol0" layername="timeline_0" frame="0" z_index="11" m_a="0.724442" m_b="0.000000" m_c="0.000000" m_d="0.157248" m_tx="-143.740585" m_ty="-17.195938"/>
  </frame>
  <frame idx="175" w="327" h="35" x="-27.217848" y="-2.816103">
   <element name="symbol0" layername="timeline_0" frame="0" z_index="11" m_a="0.681212" m_b="0.000000" m_c="0.000000" m_d="0.135246" m_tx="-135.279037" m_ty="-14.219748"/>
  </frame>
  <frame idx="200" w="305" h="29" x="-25.359085" y="-1.683179">
   <element name="symbol0" layername="timeline_0" frame="0" z_index="11" m_a="0.637982" m_b="0.000000" m_c="0.000000" m_d="0.113243" m_tx="-126.817505" m_ty="-11.243559"/>
  </frame>
  <frame idx="225" w="298" h="23" x="-25.011162" y="-0.759127">
   <element name="symbol0" layername="timeline_0" frame="0" z_index="11" m_a="0.620686" m_b="0.000000" m_c="0.000000" m_d="0.090488" m_tx="-123.527603" m_ty="-8.396119"/>
  </frame>
  <frame idx="250" w="339" h="16" x="-28.706627" y="-0.670563">
   <element name="symbol0" layername="timeline_0" frame="0" z_index="11" m_a="0.707124" m_b="0.000000" m_c="0.000000" m_d="0.064724" m_tx="-140.924255" m_ty="-6.063683"/>
  </frame>
  <frame idx="275" w="380" h="10" x="-32.402111" y="-0.581999">
   <element name="symbol0" layername="timeline_0" frame="0" z_index="11" m_a="0.793562" m_b="0.000000" m_c="0.000000" m_d="0.038960" m_tx="-158.320923" m_ty="-3.731245"/>
  </frame>
 </anim>
 <anim name="open" root="ui_mms_4x3" numframes="350" framerate="40">
  <frame idx="0" w="-2147483648" h="2" x="1919071279141730400000000.000000" y="-0.500000"/>
  <frame idx="25" w="-2147483648" h="2" x="1919071279141730400000000.000000" y="-0.500000"/>
  <frame idx="50" w="453" h="10" x="-38.234337" y="-0.552885">
   <element name="symbol0" layername="timeline_0" frame="0" z_index="11" m_a="0.946510" m_b="0.000000" m_c="0.000000" m_d="0.037054" m_tx="-188.589828" m_ty="-3.499136"/>
  </frame>
  <frame idx="75" w="448" h="20" x="-37.664875" y="-0.846314">
   <element name="symbol0" layername="timeline_0" frame="0" z_index="11" m_a="0.936753" m_b="0.000000" m_c="0.000000" m_d="0.079955" m_tx="-186.578659" m_ty="-7.361502"/>
  </frame>
  <frame idx="100" w="443" h="33" x="-36.313293" y="-2.641741">
   <element name="symbol0" layername="timeline_0" frame="0" z_index="11" m_a="0.926995" m_b="0.000000" m_c="0.000000" m_d="0.122856" m_tx="-183.785355" m_ty="-12.725900"/>
  </frame>
  <frame idx="125" w="375" h="80" x="-30.490612" y="-6.342895">
   <element name="symbol0" layername="timeline_0" frame="0" z_index="11" m_a="0.783249" m_b="0.000000" m_c="0.000000" m_d="0.307077" m_tx="-154.857132" m_ty="-32.046619"/>
  </frame>
  <frame idx="150" w="304" h="129" x="-24.189939" y="-9.998458">
   <element name="symbol0" layername="timeline_0" frame="0" z_index="11" m_a="0.633920" m_b="0.000000" m_c="0.000000" m_d="0.497187" m_tx="-124.839928" m_ty="-51.948856"/>
  </frame>
  <frame idx="175" w="316" h="176" x="-25.372416" y="-13.898821">
   <element name="symbol0" layername="timeline_0" frame="0" z_index="11" m_a="0.660506" m_b="0.000000" m_c="0.000000" m_d="0.684368" m_tx="-130.313065" m_ty="-71.783989"/>
  </frame>
  <frame idx="200" w="341" h="224" x="-27.620787" y="-17.832556">
   <element name="symbol0" layername="timeline_0" frame="0" z_index="11" m_a="0.711080" m_b="0.000000" m_c="0.000000" m_d="0.871149" m_tx="-140.625793" m_ty="-91.609962"/>
  </frame>
  <frame idx="225" w="365" h="270" x="-29.869131" y="-21.266293">
   <element name="symbol0" layername="timeline_0" frame="0" z_index="11" m_a="0.761655" m_b="0.000000" m_c="0.000000" m_d="1.057931" m_tx="-150.938507" m_ty="-111.435951"/>
  </frame>
  <frame idx="250" w="392" h="309" x="-32.574612" y="-24.822609">
   <element name="symbol0" layername="timeline_0" frame="0" z_index="11" m_a="0.818667" m_b="0.000000" m_c="0.000000" m_d="1.209394" m_tx="-162.489273" m_ty="-127.623055"/>
  </frame>
  <frame idx="275" w="424" h="334" x="-35.215767" y="-27.062752">
   <element name="symbol0" layername="timeline_0" frame="0" z_index="11" m_a="0.885333" m_b="0.000000" m_c="0.000000" m_d="1.307879" m_tx="-175.897095" m_ty="-138.351837"/>
  </frame>
  <frame idx="300" w="455" h="360" x="-37.856895" y="-29.302919">
   <element name="symbol0" layername="timeline_0" frame="0" z_index="11" m_a="0.952000" m_b="0.000000" m_c="0.000000" m_d="1.406364" m_tx="-189.304901" m_ty="-149.080643"/>
  </frame>
  <frame idx="325" w="451" h="357" x="-37.526497" y="-29.827351">
   <element name="symbol0" layername="timeline_0" frame="0" z_index="11" m_a="0.940590" m_b="0.000000" m_c="0.000000" m_d="1.389508" m_tx="-186.703934" m_ty="-147.809967"/>
  </frame>
 </anim>
 <anim name="close" root="ui_mms_4x4" numframes="300" framerate="40">
  <frame idx="0" w="478" h="257" x="-39.597977" y="-21.176361">
   <element name="symbol0" layername="timeline_0" frame="0" z_index="11" m_a="1.000000" m_b="0.000000" m_c="0.000000" m_d="1.000000" m_tx="-198.597977" m_ty="-106.176361"/>
  </frame>
  <frame idx="25" w="508" h="150" x="-41.679718" y="-12.056469">
   <element name="symbol0" layername="timeline_0" frame="0" z_index="11" m_a="1.062500" m_b="0.000000" m_c="0.000000" m_d="0.583556" m_tx="-210.617218" m_ty="-61.705208"/>
  </frame>
  <frame idx="50" w="501" h="80" x="-41.088436" y="-6.832170">
   <element name="symbol0" layername="timeline_0" frame="0" z_index="11" m_a="1.046852" m_b="0.000000" m_c="0.000000" m_d="0.304845" m_tx="-207.412079" m_ty="-32.298161"/>
  </frame>
  <frame idx="75" w="437" h="62" x="-35.987637" y="-6.201249">
   <element name="symbol0" layername="timeline_0" frame="0" z_index="11" m_a="0.913984" m_b="0.000000" m_c="0.000000" m_d="0.232733" m_tx="-181.370407" m_ty="-25.487261"/>
  </frame>
  <frame idx="100" w="416" h="51" x="-34.553570" y="-5.223734">
   <element name="symbol0" layername="timeline_0" frame="0" z_index="11" m_a="0.869073" m_b="0.000000" m_c="0.000000" m_d="0.190496" m_tx="-172.499069" m_ty="-21.011528"/>
  </frame>
  <frame idx="125" w="405" h="42" x="-33.536175" y="-4.034571">
   <element name="symbol0" layername="timeline_0" frame="0" z_index="11" m_a="0.846151" m_b="0.000000" m_c="0.000000" m_d="0.155728" m_tx="-167.920319" m_ty="-17.119587"/>
  </frame>
  <frame idx="150" w="394" h="33" x="-32.518791" y="-3.345406">
   <element name="symbol0" layername="timeline_0" frame="0" z_index="11" m_a="0.823230" m_b="0.000000" m_c="0.000000" m_d="0.120960" m_tx="-163.341568" m_ty="-13.227646"/>
  </frame>
  <frame idx="175" w="371" h="28" x="-30.679283" y="-2.358541">
   <element name="symbol0" layername="timeline_0" frame="0" z_index="11" m_a="0.774105" m_b="0.000000" m_c="0.000000" m_d="0.104035" m_tx="-153.726181" m_ty="-10.938269"/>
  </frame>
  <frame idx="200" w="347" h="23" x="-28.839775" y="-1.371677">
   <element name="symbol0" layername="timeline_0" frame="0" z_index="11" m_a="0.724980" m_b="0.000000" m_c="0.000000" m_d="0.087110" m_tx="-144.110794" m_ty="-8.648891"/>
  </frame>
  <frame idx="225" w="338" h="17" x="-28.512604" y="-0.545481">
   <element name="symbol0" layername="timeline_0" frame="0" z_index="11" m_a="0.705325" m_b="0.000000" m_c="0.000000" m_d="0.069606" m_tx="-140.372269" m_ty="-6.458553"/>
  </frame>
  <frame idx="250" w="384" h="12" x="-32.234753" y="-0.361962">
   <element name="symbol0" layername="timeline_0" frame="0" z_index="11" m_a="0.803550" m_b="0.000000" m_c="0.000000" m_d="0.049788" m_tx="-160.141205" m_ty="-4.664371"/>
  </frame>
  <frame idx="275" w="431" h="8" x="-36.456902" y="-0.678443">
   <element name="symbol0" layername="timeline_0" frame="0" z_index="11" m_a="0.901775" m_b="0.000000" m_c="0.000000" m_d="0.029969" m_tx="-179.910126" m_ty="-2.870188"/>
  </frame>
 </anim>
 <anim name="BU_open" root="ui_mms_4x4" numframes="350" framerate="40">
  <frame idx="0" w="-2147483648" h="2" x="1919071279141730400000000.000000" y="-0.500000"/>
  <frame idx="25" w="-2147483648" h="2" x="1919071279141730400000000.000000" y="-0.500000"/>
  <frame idx="50" w="515" h="8" x="-43.266205" y="-0.656073">
   <element name="symbol0" layername="timeline_0" frame="0" z_index="11" m_a="1.075580" m_b="0.000000" m_c="0.000000" m_d="0.028503" m_tx="-214.306625" m_ty="-2.691643"/>
  </frame>
  <frame idx="75" w="509" h="16" x="-42.687359" y="-0.612538">
   <element name="symbol0" layername="timeline_0" frame="0" z_index="11" m_a="1.064492" m_b="0.000000" m_c="0.000000" m_d="0.061504" m_tx="-212.021194" m_ty="-5.662694"/>
  </frame>
  <frame idx="100" w="505" h="26" x="-41.719681" y="-2.224376">
   <element name="symbol0" layername="timeline_0" frame="0" z_index="11" m_a="1.053404" m_b="0.000000" m_c="0.000000" m_d="0.094505" m_tx="-208.847000" m_ty="-9.789154"/>
  </frame>
  <frame idx="125" w="427" h="62" x="-34.852970" y="-4.994514">
   <element name="symbol0" layername="timeline_0" frame="0" z_index="11" m_a="0.890055" m_b="0.000000" m_c="0.000000" m_d="0.236213" m_tx="-175.973999" m_ty="-24.651247"/>
  </frame>
  <frame idx="150" w="345" h="100" x="-27.511303" y="-7.729580">
   <element name="symbol0" layername="timeline_0" frame="0" z_index="11" m_a="0.720363" m_b="0.000000" m_c="0.000000" m_d="0.382451" m_tx="-141.863556" m_ty="-39.960659"/>
  </frame>
  <frame idx="175" w="359" h="136" x="-28.718657" y="-10.652933">
   <element name="symbol0" layername="timeline_0" frame="0" z_index="11" m_a="0.750575" m_b="0.000000" m_c="0.000000" m_d="0.526437" m_tx="-148.083023" m_ty="-55.218452"/>
  </frame>
  <frame idx="200" w="387" h="172" x="-31.500895" y="-13.601967">
   <element name="symbol0" layername="timeline_0" frame="0" z_index="11" m_a="0.808046" m_b="0.000000" m_c="0.000000" m_d="0.670115" m_tx="-159.802032" m_ty="-70.469208"/>
  </frame>
  <frame idx="225" w="415" h="209" x="-34.283104" y="-16.550995">
   <element name="symbol0" layername="timeline_0" frame="0" z_index="11" m_a="0.865517" m_b="0.000000" m_c="0.000000" m_d="0.813793" m_tx="-171.521027" m_ty="-85.719963"/>
  </frame>
  <frame idx="250" w="446" h="238" x="-37.016590" y="-19.094311">
   <element name="symbol0" layername="timeline_0" frame="0" z_index="11" m_a="0.930303" m_b="0.000000" m_c="0.000000" m_d="0.930303" m_tx="-184.646896" m_ty="-98.171585"/>
  </frame>
  <frame idx="275" w="482" h="257" x="-40.176998" y="-20.779045">
   <element name="symbol0" layername="timeline_0" frame="0" z_index="11" m_a="1.006061" m_b="0.000000" m_c="0.000000" m_d="1.006061" m_tx="-199.883057" m_ty="-106.424500"/>
  </frame>
  <frame idx="300" w="518" h="278" x="-43.337391" y="-22.963781">
   <element name="symbol0" layername="timeline_0" frame="0" z_index="11" m_a="1.081818" m_b="0.000000" m_c="0.000000" m_d="1.081818" m_tx="-215.119217" m_ty="-114.677422"/>
  </frame>
  <frame idx="325" w="512" h="275" x="-42.461941" y="-22.867191">
   <element name="symbol0" layername="timeline_0" frame="0" z_index="11" m_a="1.068852" m_b="0.000000" m_c="0.000000" m_d="1.068852" m_tx="-212.163574" m_ty="-113.699974"/>
  </frame>
 </anim>
 <anim name="open" root="ui_mms_4x4" numframes="350" framerate="40">
  <frame idx="0" w="-2147483648" h="2" x="1919071279141730400000000.000000" y="-0.500000"/>
  <frame idx="25" w="-2147483648" h="2" x="1919071279141730400000000.000000" y="-0.500000"/>
  <frame idx="50" w="453" h="14" x="-38.234337" y="-0.880974">
   <element name="symbol0" layername="timeline_0" frame="0" z_index="11" m_a="0.946510" m_b="0.000000" m_c="0.000000" m_d="0.051305" m_tx="-188.589828" m_ty="-4.844957"/>
  </frame>
  <frame idx="75" w="448" h="27" x="-37.664875" y="-0.902593">
   <element name="symbol0" layername="timeline_0" frame="0" z_index="11" m_a="0.936753" m_b="0.000000" m_c="0.000000" m_d="0.110707" m_tx="-186.578659" m_ty="-10.192849"/>
  </frame>
  <frame idx="100" w="443" h="45" x="-36.313293" y="-3.503880">
   <element name="symbol0" layername="timeline_0" frame="0" z_index="11" m_a="0.926995" m_b="0.000000" m_c="0.000000" m_d="0.170109" m_tx="-183.785355" m_ty="-17.620478"/>
  </frame>
  <frame idx="125" w="375" h="110" x="-30.490612" y="-8.590119">
   <element name="symbol0" layername="timeline_0" frame="0" z_index="11" m_a="0.783249" m_b="0.000000" m_c="0.000000" m_d="0.425184" m_tx="-154.857132" m_ty="-44.372242"/>
  </frame>
  <frame idx="150" w="304" h="177" x="-24.189939" y="-13.613241">
   <element name="symbol0" layername="timeline_0" frame="0" z_index="11" m_a="0.633920" m_b="0.000000" m_c="0.000000" m_d="0.688413" m_tx="-124.839928" m_ty="-71.929184"/>
  </frame>
  <frame idx="175" w="316" h="243" x="-25.372416" y="-18.975277">
   <element name="symbol0" layername="timeline_0" frame="0" z_index="11" m_a="0.660506" m_b="0.000000" m_c="0.000000" m_d="0.947586" m_tx="-130.313065" m_ty="-99.393211"/>
  </frame>
  <frame idx="200" w="341" h="309" x="-27.620787" y="-24.383530">
   <element name="symbol0" layername="timeline_0" frame="0" z_index="11" m_a="0.711080" m_b="0.000000" m_c="0.000000" m_d="1.206207" m_tx="-140.625793" m_ty="-126.844566"/>
  </frame>
  <frame idx="225" w="365" h="374" x="-29.869131" y="-29.791784">
   <element name="symbol0" layername="timeline_0" frame="0" z_index="11" m_a="0.761655" m_b="0.000000" m_c="0.000000" m_d="1.464828" m_tx="-150.938507" m_ty="-154.295929"/>
  </frame>
  <frame idx="250" w="392" h="428" x="-32.574612" y="-34.369762">
   <element name="symbol0" layername="timeline_0" frame="0" z_index="11" m_a="0.818667" m_b="0.000000" m_c="0.000000" m_d="1.674545" m_tx="-162.489273" m_ty="-176.708847"/>
  </frame>
  <frame idx="275" w="424" h="463" x="-35.215767" y="-37.702278">
   <element name="symbol0" layername="timeline_0" frame="0" z_index="11" m_a="0.885333" m_b="0.000000" m_c="0.000000" m_d="1.810909" m_tx="-175.897095" m_ty="-191.564102"/>
  </frame>
  <frame idx="300" w="455" h="497" x="-37.856895" y="-40.534805">
   <element name="symbol0" layername="timeline_0" frame="0" z_index="11" m_a="0.952000" m_b="0.000000" m_c="0.000000" m_d="1.947273" m_tx="-189.304901" m_ty="-206.419357"/>
  </frame>
  <frame idx="325" w="451" h="494" x="-37.526497" y="-41.260937">
   <element name="symbol0" layername="timeline_0" frame="0" z_index="11" m_a="0.940590" m_b="0.000000" m_c="0.000000" m_d="1.923934" m_tx="-186.703934" m_ty="-204.659958"/>
  </frame>
 </anim>
</Anims>
